1,2,3,4,5,6,7,8,9,10,11,12,13,14,15,16,17,18,19,20,21,22,23,24,25,26,27,28,29,30,31,32,33,34,35,36,37,38,39,40,41,42,43,44,45,46,47,48,49,50,51,52,53,54,55,56,57,58,59,60,61,62,63,64,65,66,67,68,69,70,71,72,73,74,75,76,77
EVANS HR,CLARKSON CJG,STAPLES AP,McLACHLAN RB,CARR  JA, STANNERS EC,ELLIOTT AM,ROYAL NAVY, CLOUGH RA,BLUCK JL, CARROLL K,CARRINGTON WH,KEEL JD, McNight SIS,SAUNDERS DE,HERRON D,  McCAIRNS JA DFC&2 Bars MM,HINDESS T, BATTAMS CW, ARCHBOLD N,SCOTT  A, SWAYNE GJM,LIMBU B,GRANT LE,, MUNDAY RA,ROYAL  NAVY,SHORT DE,McADAM A,PUN B,NORTHROP DA, PENTONY JW,LALLEY AEA, ROLFE AW, BERNARD-SMITH BC, CRAWFORD IM,ALLEN OH, FORD SWE, JACKSON RES,BENNETT RAJ , RISLEY WJ, FORD RG,GURUNG J,BALL GE,WARNER AE,MUNDAY JA,EDMUND WAM,PRICE JD, FENEMER N,DAVIES DD, HARDING RB, BLEWETT GL, JOHNSTON D,DAVIDSON WG,BRITNELL JF,HOLLAND SHH,DIBBLE EF,RAI P,WILLIAMS L,RAI MC,RAMSAY A,ROE AD, SIMON LK,O'SULLIVAN LJT,CAISTER JA,BRIDLE RF, MILLAR J,LIMBU J, JOUBERT D, HOLMES G,BEECH DC, THAPA B,GALE A,HOLMES HE, WATKINS D,MAY AW,DEELEY RL
ARMY, HAMMOND FL,TAYLOR AW,STEVENSON W ,CONSTANT J,JENSEN MV,WINGFIELD RJ,PLUMMER FD,BRAY ET,LITTLEFIELD W,CHEEK RL,CORBETT C,CLARKE WG,PEARCE HW, RUTHERFORD R,HORSEMAN TC,SHAW E,DUNCAN PJ DFC AFC,CRANN L,HAZELWOOD WC,CREANY M,ROUTLEDGE RJ, LIMBU C, PENNY R,COUNSELL DR,TATHAM HB DEC,TURNEY AWR,DELVENTAL EH, HAYES JP,BAMBLETT WD,RAYNOR G,MAYNARD L, O'BRIEN JR,SHERRATT CI,CRONE RA,WILLIS RM,ALSTON JH,BUDGEN PK,McCONNELL WJ,CARROLL WP,SAYERS MC,FOSTER KON DSO OBE, GURUNG M,BAYTON-EVANS H MC& Bar,FOX T,RENNIE S,FOSTER DM,RITTERBAND M,WILSON D,HOLMES WC,YOUDEN LR,BARTOSZUK Z,BUCHANAN PC,SQUIBB AE, DANNATT CD,McDONALD D,HOBDEN DL, RAI R,WILLICOMBE KJ,O'BRIEN E, CAWLEY T,TAYLOR DJ,HENDRY G,RAYNER G,JONES HR,COOMBER B,RICHARDS PO,GOODWIN JAW,KIOKO J,MASON P,LEECH LE,HORSWELL AW,GRANT J,ABDUL HAMID BIN ABDUL RAHMAN,BROWN W, PADDINGTON IE, YELDING GMJ
WILSON IC,PENNINGTON FW,THUNDERCLIFFE W,KIRKPATRICK A ,FLEMING AK,ROWN,KNIGHT RJ,PARIS AW,MARSDEN AD,STURTEVANT JR,CLARKE JP,JONES GB,HARMAN DW,BEALE IC,LIMBU B HALL A,NEWMAN KR,O CONNOR M,HARTLEY HS DFC AFC,DRISCOLL AE,ROSER JH,FORD PM,SUNWAR G,THOMSON J,SYCAMORE JJ,ERL PW,•WILSON RV,BRIGSTOCKE TO ,ROSE HH,KAY R,NOWELL W, ROTHNIE AL,OWEN J,LAW SH,SHORE JTL MC AFC,DFC,BASSETT AM,ANDREWS TJ,BARRETT CP,Mc CORMICK RJ, THOMPSETT SE ,HAYNES GRW ,GAW D,HALL NGT,BELL L,GURUNG K, NISBETT W ,HAGUE R,SHARMAN,DAVISON A,Mac DONALD C,FIELDING E,PAYNE WD,CROMIE JTD,,SMITH W,CHADWICK HP,,COWBURN EE,MacLEOD NG,TENNANT RT,EVANS J, McBRIDE AJ,LOCKYER AD,BENTLEY GHD,KEYTE CG DFC,ZATT D,BURTENSHAW DE,CRESSWELL DR,O'NEILL P,ROLLEY L,DEWAR R ,COOPER HE,TYSON JW,ALDER RE,MELLORS WHS,,COOPER RE
SHUKER FITD,SKINNER LA,TREBBLE AW,LAWRANCE HE,HUTCHISON T,WR,MCLAUGHLIN F,DSM,HOLLIDGE WV,MONKS GG,PHYTHIAN RM,KEDWARD T,RHODES R,McGEORGE R,COOMBER GH,GRIFFIN J,MeNBIL LH,GIBBS RL,GIFFORD RG,GOLD LI,MacPHERSON AC,GOODWIN IJ,SUNWAR L,DAVIDSON CC,HILLAH,FREEMAN N,ROBERTSON JA,PURNELL NV,DELL FW,THAPA P,PARTRIDGE H,LOUDON SR,MARSHALL WH,WOOD RHH,OLESEN WP,MARKS BR DEC AFC,ASHLEY GTE,HANSON DK,McNALLY TH,ELLSON G,McWILLIAMS W,GILDING RA,HODDS GE,GRAY CGW,KINSELLA JP,STRATHIE J,HALDANE TW,SHELDRAKE T,ORAM BJ,MAHONEY BT,KOZMUK F,MEDCALF WIJ,KENDRICK JE,CAIRD AJ,BULLIMORE E,COE C,KELLY T,KEEN RF,PETIT S,CHOWNE ET ,MASON C,DAVIES D,O'SULLIVAN J,BLOOMFIELD I,READ EJ,'BRYEN-NICHOLS MJ,BAILEY FD,OWEN G,THAPA P,STRACHAN J,ROBERTS H,MAY GW,LIMBU B,BARNARD BC,SHAW JN,PORTE W HOOD TJ,HART MJ
THEOFANOUS G,WILSON ES,MACKINTOSH AD,SYMONS CD,KENYON AA,DESMOND D,RENSHAW JT,SMITH RB,GLADSTONE EO,PADGETT DC,TIERNEY J,ASHCROFT J,COLLINS WM,HODGSON R ,TAYLOR H,BARBER ER,O'BRIEN TB,HARKER C,GRIFFITHS DJ,DUFF RH,BATTY LR,O'BRIEN JJ,SUNWAR A,SAYERS R,STANLEY NR,HURWORTH EJ,SMITH J,KELLY RG,JENNINGS J,MOYNIHAN DM,BALDAM N,SCHOFIELD G,VERNEY J,McCONNELLRH DSO DEC,CHAMPION HR,MORRIS FE,BARLOW JB,STACEY ER,MILWARD CCG,CASON D ,LUDLOW S,GOULDSBOROUGH C,NICHOLLS JR,HIGGINS SJ,MELLOR EP,SINCLAIR TM ,HOBBS AE,SIBLEY,LATHAM PN,SHAND EE,BAKER JF,QUEEN R,LAVER GL,HUNTER RE,HUNTER JG,,WILLIAMS EA,WILLIAMS JS,CHHETRI T,HIGGINS J,PHILP TG,ROYAL AIR FORCE,WILLIAMS H,CLARK M,WILLS WE,HARLAND JW,GLASER JM,ALBERT S,CHHETRI T,WILLIAMSON TA,SOUTHWELL SJB,SAYNER DC,ROGERS J,BURKILL C,DUNNELL PJ,KEMP BG,CARFRAY J
GOODE JT,KENNEDY DM,DODDS JB,LYE N,LEE MG,CLARKE CD,REBBECK HF ,CARSON SJ,MATTHEWS AEJ  ,BISHOP MG,JEVONS HC,BAREHAM DJ,GATES WJ,EGLINGTON JB,MacLEOD AJ ,GRAHAM DDA,BIRCH J,ANDREWS JW,GURNEY MJ,KURTON AC,TAMANG B,OTTERSON R,RAI R,TATTERSFIELD DC,TAYLOR A,BISHOP IP,CAMPBELL E,BUSBY PJ,REEVES A ,PARNELL EE,RAI P,LEYLAND R,WALSH C,CLARIDGE RJ,EVERETT RH,JONES SJ,BARTUP DG,TUCKER PE,PLANT SF,HARRIS GF,TAMANG B,HAMSON DRK,PUN K,ROBINSON GB,RANSOME J,FORD WFA,HOLDER FW,SPLEVINS J,ROBERTS AG,LANGFORD E,CORRE HJ DFC,BANKS LE,SMITH EJ,HAWKEN IN ,ROPER PH,RICHARDS HF MM,BROADBENT D,MORGAN R,ADAMS AG,PARK N,YOUNG C,ALLANACH F,ROSS RH,McKBEN H,AGGETT AE,CAMERON A ,DSC,BARKER ECR BEM,OBIO BOLO.,BLACK N CAWS ML,COLLETTE D,LIMBU P,WILSON EL,KIRKWOOD TMG,FITZ HJ,TEEGAN TEL,CHAPMAN AF
SMELT H,NORTON J,BILLINGHURST CH,SULLIVAN RJ,OGILVIE RG,CULLING VM,BROOKS WGE,GREENWOOD JH,VINE WD,CRAMPTON RH,WYLES CA,MUSPRATT JC,WALKER R ,GRAHAM R,KNIGHTLYYACC,MORRIS JH,JOHNSON MA,BLAMEY MA,HICKS SP,BARNES RG,LAMPARD KA,TOAL J,SHUEL RRO,BAYTON F,BEDDOW ART DFC,DEC,CHILD JG,CHARLIER RS,AMBLER RT,BONE D,LAWRENCE TW,COLEMAN CB,WYLIE JR,BANGAY RJM DFC,HARBEN NB,BLAND PJ,BEDDOES DB,CHAPPELL CE,PRESCOTT-WESTCAR GVB,HUMBERSTONE DB,HEATH WA  ,HILL VH,PUN L 167,BLOW HHD,THAPA P,HALL W,KERR JF,TURNBULL LR,BURNS J,DAVY DH,LOFTS KT DFC & Bar,FARRELL FL,HEARD WD,PHILLIPS AGJ,SMITH AN,ODIEMBO Z,ALCOCK G,DOWSE GT,QUAYLE A,COOK DR,BARDEN ME,HINTON DEW DFC,WATSON JM,DYBALL ETW,CRUICKSHANK OM,KNEATH B DFC,GALIPEAU LM,McCARTHY WG,THAPA A,CONNOR M,BAXTER DW ,RAI J,BARTLETT P,OKKER VC,JONES KJ,STENT G,McLEAN A
HALL DG,HORSFALL JW,CRANWELL LW,JORDAN CH,WEDGE A,ANDERSEN HO,ALEXANDER EW,BULLOUGH AT,PAGE AH,GRANDSOME J,MacKINNON WJL,PRUDENCE M,EXLEY I ,SLATER E,MALL D.,ROBERTSHAW WH,BRADFIELD AG,BROWN L,HUTTON CND,CHHETRI G,SWIFT J,CALLINAN FB,CHAPMAN R,DEARDEN AWP,GILLS,DAGGER JW,BROOKES E ,WOOD B,CAREY RJ ,MAY AN,PENRY LE,COLES Y,HARRIS GWE,HENDRY J,LLOYD C,SWINDELLS GJ,BENNINGTON DR,CAPP JW,RAINEY J,MINTON GR,DONEGAN S,HINCHCLIFFE A,PUN L 247,KANE MJ CRAIG R,RUSSELL L,BUCKTHORPE CH,JAMES K ,WELLS D,CULBERT W,CHARD AJ,,HOWSON GE ,WARDHAUGH F,DAVIES JT ,HOBSON WH,DINNEEN K ,GURUNG R ,SUGDEN J ,ALE K,SOONDRUN G,BLAIR DD,SMITH ATG,BRADWELL R,HOADLEY OH,ARUNDEL KG,COX DA,DON R,BRAZIER VGF,RADCLIFFE ELW,GLEN CH,FORD R,FEILDEN R,CROUD GR,RYDER JJB DFC AFC,LONG GBW,BATSTONE H,SCOTT CB
SELBY R,DEACON L,CLARK J,KEMP EC,WIDGERY CT,COlA A.,DARBYSHIRE P,FAIRBAIRN DM  ,MITCHELL LJ,BULPIN W,BEESTON HA,FOLEY J,PROCTOR R,THOMPSON M,,WOOLLARD R,GILLESPIE J,TURNBULL RJ,IREDALE D,GURUNG B,BROWN DF,BARTON J,JONES TWI,,FRACZEK W,EVANS PG,DAW LA,ADDISON JW,BBY JB,MacISAAC AM,GRANT-TAYLOR LH,HAWKER WJ,WALTERS WT,MONTGOMERY J,SMITH TW,MURPHY M.,BILTON W,SHARP JH,ROOMES EW,PEGG R,STANFORD RJ ,HUGHES RW,RANA K THAPA N,HINDLE R,LIVETT JS ,JACKSON J,MCHALE C,WHITMORE L BULLMAN AJA,HAMPTON JA,WINTER AP,MAGUIRE M,GARRATT EGP,DRURY P,DICK DA DSC,MORTON-JONES AE,WATSON JE,CHESTER J,MORTIMORE CW,COLLINS H,WEST FT,CAMPBELL RI,WOODS TR,DFC,MARSHALL DT,BENJAFIELD EA,TOMLINSON RE,GAISH ER,THOMAS WH,SELLENS HW,GUTHRIE PM,GREENWOOD W,HOMANS KT,HOGBEN FH,SAVILL DS,MASON WR,KING JEY,ROCK DE
GULLY JRM,,,KENNERLEY JO,KNOX EA,,INWOOD D,MARSHALL ES,HINCHLEY JC,,,YAPP A,ABBOTT A,SALT EJ,BROWN VC DUNN A ,,,,,,,,BERIDGE VR,HORAK J PEAK DA,BAILEY RA,DFC:,DENNYJH,MaCLACHIAN IM,URRALL GWR,BODEN WJ,THAPA T,OSBORN AJ,LIMBUR,PARFETT CA,ROWSE AL,HOWARD KL DFM,BLACKBURNJ DSC,WELLS GB,SEAMAN JA,PITT DP,NUGENT F,JONES DGE,BASTABLE L,OSWALD JS,RUSSELL MG A,LEACH LG,McKAY TG,BUNCE SJ,MOORE N,DONOVAN AEF,WILBRAHAM GG,KEELING PF,JENKINS PM,,HIGHAM J,HAWES G,DARVILL RH ,WRIGHT MA,DUFFIN PG,BENTLEY CM,CAMPBELL TS,ROBERTS WB,GERREY I,JONES JB,CALLOW WA,WHITE DA,BARKER M,BEAUMONT R,LAMOND JP,FUDSON HJ,,DAMAI J ,LIMBU T,WADE HR,STEVENS RE,RODERICK E,HAMMOND D
PENFOLD CT ,CLARKSON H,COLLARD S,WILLIAMS VC,BOND FH ,KISSANE MC,DAVIES NR ,PRENDY JLE,SAUNDERS AR ,MAINWARING G,BROOKER JG,PRICE DA ,LOTT RC ,,GRAVES D,BROSTER TD,TOOTH A,HOGARTH WH,LEUNG YUK,GURUNG G,BALLARD RJ,MM,LAYFIELD TB ,BELL WH,McCALLUM J,HODGE R,DONNELLY P,SMITH R,WHINCUP R,REEVE TN ,COUCHMAN CR,SMITH JJ,MOFFATIDS+,PRINCE MG,OLLIER I,ROBBINS MP,BRIDGES OAM,DSM,SHARPE C,BAILEY CE,WINSTANLEY J,JUDD VD,PALMER DWI,HALL WD,LIMBU D,LEATH RD,MCLACHLAN JCL,BYRNE AE,SYMON GM,GRIFFITHS AA,OAKLEY RC,HANNAY A ,WREN RS,JORDAN KP,THOREAU M,HARRISON GW,NORMENTON J,HARRIS TD,CASWELL PV  ,BEATTIE JM ,COX H,ATKINSON P,GODDARD MH,DONALDSON CR,DYER RA,YEADON J,PFAFF PRG,PRATT J ,BELL JT,KELLY RP,﻿MOSS M,BOON BH,THWAITES HOD MC& Bar,WILKINSON GM,WYLES SV,SMITH GH,HINDE IR
YATES H ,PARISH TS,MURRAY C,SANDFORD EL,WHITEHOUSE R,SUMMERS ECW,,LUBBOCK PL ,• BRADBURY JA,BIRD M,WILLIAMS D,SHORT CJ,FISHER RJJ,BRIDGETT R,NEWELL TE ,KINGHORN K.,DFC,WALSH P,MASKELL VD,PUN D,WHITNEY WG,COLBOURNE D,KELLETT P,,PARSLEY D,HUGHES F,PIGHTON WE ,WRIGHT R,FROST PI,HALL RL,ECKETT C,CHAPMAN CM,DESPIRTIAR,RICHARDSON GA,HURN HEA BEM,SEABROOK THSY,BURBERRY AH,BABER WM,SMALLS HAW PJ,BURTON MRE,FOY D,KAIN J,CATCHPOLE M ,NEILL J,HOLLEBON LG,LEGGETT R,MCLACHLAN JCL,CLARKE G,WEIR R,LYON GD,BOWDEN WE,QUINTON JA GC DFC,ANDERSON PSQ,BUNN GS,SKILLEN J  ,SONGER S,YOULTEN PD,JARRAM K,EVERETT-PROCTOR PD,BENTON DW,CUNNING HAM P,SHURMAN C,MILLAR A DFC,BRIDGE TA DFC,DEANS RB ,BALLARD DP,HUNT AC,PEACOTT R,BINLEY DH,KENEHAN DE,,LEWIS L ,GODRICH JA,ARCHER MW,HULSE GS,GOODALL MJ,SMITH AK
BULL LA,KENNEDY JA,PAYNEU BS,FIRMSTONE K ,FARQUHARSON D,MITCHELLIL,KELLY JM,THORPE M,,CLAYTON DA,COATES KH,HOWLETT FLJ,,RANA B,BURBRIDGE SET,O' HAGAN J,WILLIAMS GW,RICKARD JJ,MOIR W,PUN L,MORTON LH,JONES E,RUDD FT,GROUT JE,BROUGHTON CHT,KIRBY CD,• DORN A,RADLEYSPJ,COLHOUN I ,GOUGH JE ,THAPA L.,THOMPSON EC OBE,ANDREWS AW,GILLETT IJ GC,REEVES DG ,BYRON DMR,CARDNO RJ,CHADWICK J,TAPLIN LG,BALDOCK AJ ,EASTATE KW,KILBURN JE,GRIMBALDESTON A,ONIONS DE,LIMBUK MM ,MAXWEL R,MCKENDRICK R ,CRIDLAND RW,BERRYMAN WH,QUAR LA,LINDSAY J,TROTMAN GM,TURNER LNR,,COOK RJ,HALL EM,BREWER R,ROWE ACR,KENDALL N ,COLLINSON RC,DELLOW PJ,MARSHALLR,MURRELLS A,DUKE MG,FUNNELL BK,CREIGHTON MJ,STEWART IC,LANHAM J°,BROUGHTON C,,﻿WAITES,CHATER EJ,OPONDE OKOTH,BEGGS R,DEC,HANRATTY BN,PENLEY BN
WILKIE AG,WELDON E,TAGGART ,CARTER L,HARPER KN,PELLETT,KENNEY FH,ATHERTON A,LEACH J,ROONEY T,VAUGHAN W,BENNETT J,REYNOLDS RW,DOBSON A,,SANSOM CJW,BROADBENT D,KNIGHT R,MORGAN DH,PUN-T,ROBINSON ET,GILPIN J,,BASSETT GT ,COOK EC,• MITCHELL AHJ,*DRING GR,TARRIS KR,MUNDEN RC,HUDSON JK,BRYANT P,TIPLER JA,WATERMAN WH,,CLARK AP,BAKER RJ,COLE-ADAMS MC,GENGEJTH,TURNER A,HERRALL A,MARTIN R,KING DW,JAMIESON GQ,COOMBES D ,SMITH L,BREAKWELL H,McMILLAN-SCOTT AHF,,BROWN H,COPPING G,NEWTON-MOLD EG,VEITCH DGM,Hall D,LAU SO,HOLLAND J,HAMMOND LW,HALL R,STAPLES PJ,NICOLL DAS,POBSON AN,DOIG JRK,COOK WJ,ROBERTSON AW,HUGHES DG2,GILLESPIE GH,CROWE TP,DAVIES D,MORGAN JAS,GLYDE AR,﻿﻿KIRK EC,,BIRD RH,BEALES BD,BENT T,TUCKER CMR,BAGHURST GC  ,ROOKE RM 
BOARDMAN JN,BISSETT W,SLATER WG ,COBB SB,STOCKER D ,WHG,LEATHERLAND GW,,PADMORE FA,GEOGHEGAN KJ,BRITNELL A,COOK C,TOOLSEY A,DAVIES HG,AYRES C,CAUSTON RA,BOXALL WT,BRIE GCA,MORTON A,RANA B,JONES R,FORD G,THOMAS RA,PIERCY EK DFC,CROSS DAJW,PATTULLO PE,EDWARDS TC,ATHER 1,MOLONEY RJ ,HARRISON CM ,GOLDSMITH OA,BAILEY H,ARCHER N,KEARNEY WHJ,COATES FHW,HANSOM E,COOK GD,WHITE GD DSM,WILLIAMSON JH,DAVIES G ,ALLUM SAW,LENNON F,WEBB.WA,BRETT IG,MCGIBBON E,BRIGGS WR, MEIKLE,FEARN R,ROBERTS C,HURST DGP,SMID B,,SMITH A,COMFORT MI,DOCHERTY E,BURKETT JA,WARDLE K,EASTWOOD LE,GUNN RE ,ELLINGTON GO*S,DONEATHY KE,FOSTER BHD,STREETER JCA,MAY ALJ,FLETCHER FA  ,HANNA WO,MASTERS WM,POPLE L,MOONEY J,SHARP NW,MATIS GA,MORLEY CD,SMITH H,CAREY HW,ROWE TC,LOMAS J DFC AFC & Bar,COUPLAND J
PHILLIPS J,BRADLEY RS,MILLAR RE ,WOOD WM,MISKIMMON S,QRTON TH,NOON REV,BROUGH IL  ,ARMY,SHAKESPEARE F,MUNDY RC,HARRISON D,REDMAN AA ,EDLAND N,LYNCH RE,BOYLE RM,COATES GR DFC,LAVIN KE,MULDOON P,THAPA A THAPA C,BROWNE JM,GURUNG G,JONES FGE,VAUX HM MC,DALE JB,RICHARDSON H,ELDRIDGE GT DSM,AREYES DE,ROGERS ECH,IONES D,PROCTER JH,BARRETT CJ,BRUCE G,BARROW CR,McKENZIE WJ,JONES N,COOPERJH,LAMB B,WRIGHT L,JONES RE,NORTHEY D ,LANGLEY D ,CLARKE RC,GRAY RJ,BRADBURY JA ,CASPER TH,MUNN AR,KELSEY CL,COX SMS CM,RUNCIMAN JH,UPPARD H,BROUGHTON JK,HOLME AJ,BARTON JD,DOCH,,MCINTYRE WA,SHAW W,OTLEY E,GOODALL KC,EVANS DR,DSO DFC & Bar,ARMSTRONG JB,STOKES WC,GLAZEBROOK CA,PERCY G,SMITH A,CLOTHIER DM,DAVIES WJ,﻿PINKNEY J ,TAYLOR R,GURUNG I ,LEAMAN DV,CHANDLER VR,HARNETT BM,,WATTON B
GAWN E,CANNARD RH,ECKETT IC,GAMMON GE,FROUD HE,WILDE B,MILTON A ,DEAN FA,DAVIES FH,WHALER CE,CLARKE CHW MBE,DOEL GJ,WOOLFORD CW,WILLIAMS R   ,GOULD RA ,ROOK M,INGLEBY C DFC,LESLIE IR,SINNOTT PJ,THAPA T,WAKE W,HALL GC,RICHARDSON DI,REEVES NE DSO DFC & Bar,DALZELL JP,SABIN J,,NEVARD,WILKIE EJ,MORRICE MJ,TAYLOR PE,KINNE R,VALLANCE JW,HENDERSON R,MOBLEY AB,OUSELEY RO,CURRY R,SHEPLEY IR,YATES G,SIMCOX DA,ANGIER PA,LEWIS JO,ADAMS RE,GREEN EJ,TAYLOR DB,CORBETT I,MORRIS J ,HALLIGAN EM,TREAGUST RC,VICKERS NE,RENTON J,PETRIE TG,COOPER RCF,ACER AE,GED'DES J,RUNDLE EG,SMITH HAE,MARSHALL RJA,WHITBREAD WI,KENYON J,FINDLAY MH,JOHNSON PI,COCHRANE BAD,NODDER DW,HILL G,LOVETT G,GAVED PJM,VCHALE WS,GWYNNE SJ,SMITH D,BURGESS SW,WILCOX B,COOPER KC,CURTIS CN,MANN DJ,GAYWOOD RJ,FINCH AS 
SYKES S,DREWETT J,PAGET AE,BULLI,O'DONNELL J,LEE,MATTHEWS R ,WARD R,GEORGE AI,FISHER WJ,GRAY WHD,GOODE GW,SHAW B,HUTCHINSON K,TOMLINSON SG,DFC,LEWIS HG,NEWBERY RA DFC& Bar,TATTERSALL E,MORRISSEY ER,BROWN PL,PEARCE WG,LONEY JM,PARSONS JW,GRAHAM PMH,DEC DFM,ELLIS EG,PLEWS WN,HOGGETT N,PRICE RW,THAPA N,TUCK AR,HOLLAND T!,MAXWELL WMC,BLAKEY P,PULLAR P DFM.,DENNY FC,WILLIAMS R,BUNBY MB,TYLER WG,BALLARD RT,LIDDLE H,WEED IF,JONES HH,CHICK DAC,DOWKES RE,MUSGRAVE RF,HOPSON L ,HAMPTON JE,HOLBROW A ,FULLAGAR KJ,WINTON RAK,WORMALD H ,COOKE VIC,HEBDEN W,JOSEPH MM,,CODLING PJ,BUSH IRE,MORCOM WM,FORD K,HORSMAN G,COX CJA,MANN D,HUNTER R,ADAMS JM,PRAGNELL JE,MASKELL AH,MANNING DW,THURLOW GM,HOLDAWAY HB,BOW P MM,GUNSON R,DALY JML,CLYDESDALE J,MCELROY C,CHARTER RP
WILSON EK,RIVERS H,HOGG WC ,LA FERLA JM,FLETCHER R  ,LC,ODEY WD,SMITH EW,ABRAHAM P,GRAHAM M,HEWITT KJ,MacGREGOR W,SLOAN AM,LOCK DG,CARTER RW,NEWSTEAD VL,NOWRIEJK DFC,McGREGOR WB,THEAY CV,CALLOW SW,TWIGG WT,RANA R DENT D,PRETT RSC ,STAGG PA,MAWSON TW,SHORTHOUSE J,FARMAN N,ROWE WRN ,FISHER JR   ,BAX MG ,WILSON DE WILSON J,THOMPSON H,KNAPPING KD,MILLER T,MARSHALL DC,THORNE PF,DRURY F,SPARKE TW,CAWOOD G,WILLIAMS KE,BALLS DA,MAYCOCK PJ,BRISCOE L,COOPER JB,WORTON AF,DUTTON P,PRING RSJ,REED B,WILLIAMS DD,BROWN-CONSTABLE PB,GREGORY HLP,MILLS D,JENNISON JS,KNOWLES AB,HOCKRIDGE DM,ALLEN AB,O'NEILL J,LEWIS DE,LUKE PN ,MUNRO G,HADDEN G,ALLEN B,CLARKE D AFM,PICKRELL JD,KEMPSTER JWM,DOWELL DR,SLATTER EJP,BAKER D,THOMPSON GW,TURNER B,TROWBRIDGE CGJ,DAVIES GR,BAILEY TG,GILES AL,McCLEARY KJ,MILES PO,BEM
BURRELL GR,FIELDING EW,YOUNG WC,PROBERT DC ,FRANCE HE,STUBBINGS AL,PRESTON D,STANFORD CR,DYSON R MM,SEATON KG,MACKRIDGE R,McCARTHY PC,HOPE AW,WOODHOUSE H,PEARSON DR,STEWART WJS,REES JI,CORNWALL NO,THOMAS DG,JACKSON S,GURUNG L,BYRNE SA,ATHERTON T,CRISP AB,TOMKINS H,SIMPSON JEC,FIRBANK WI,GREEN AT,JONES RH,HARTLEY RES,WILSON RT,JONES RL,,SIMPSON TD,WRIGGLESWORTH RS,WEST L,FOSTER DJJ,DAVIES DF,COLLISON J,BROWNING DH,BAYLEY VE,LORIMER W ,GURUNGS IDSM,ARKLIE HE,CHALLINOR G,FOXTON LD ,PRICE TW ,SALMON C ,WATKINS TJ,FREWER TG,HOOPER AR,BANGS RP,SHIPMAN E ,RASER RJ,,LEWIS RG,DAVIDSON D,PLAYFORD AJ,GREENWOOD GR,RILEY J,HYDE FO,ROBSON A,RORKE JMA,VIZARD WJ,JOHNSTONE A ,PALMER JR,THOMAS BJ,BAYLISS H,KYUMBU N,,HINCHCLIFFE P,GRIFFITHS DR,MacLACHLAN D,GORDON IR AFM,PITTS-TUCKER GTR,DFC,FENTON EJ
WARDLE KWN,GILLIARD JA,BAKER DJ ,ROYAL AIR FORCE,LOGIE A,TWEDDLE GW,STANFORD N,FIELD WE,RUDD KH,ATTRILL AAR,PEARCE RJ,PRICE S,KIBBLE I ,GURUNG R,GURUNG K,VASEY D,TROTMAN WT DFM,WALKER D,TOBIN J,FENTON W,TARR GH,MILLS RA,LOMAS W,COX KD,TILLER EH ,TESTER EF,FOX FR,GODSALL RAJ ,RICHARDS• WI,BROWN V ,DAVIES A,MCHARDY C,LAMA MM,BAZEN AE,CHALMERS J,SLATER WA,FREW AA,WORTHINGTON DJ,CURTISS TL,STREATHER SB,BISHOP LJ,McCARTAN JP,HODGEMAN IC,ADAMS C ,BURGESS J ,KEENAN RM,SMITH D,STEPHENS ML,HENDRICK RP,JOHNSTON RC,SHARKEY C,BRANTHWAITE J,1952,CONWAY WJ,WALKER HC,TRIGGS PM,McDONALD RH,ANSELL BV,TORTICE PW,ROBINSON S,ITTLE D,JONES E,HALLAM ILM,KIMBERLEY IE,,GIBBINS JS ,ATKINSON HC,BUSST GJ,PELLATT CR,﻿WRIGHT TW 1,WATSON TE,HUTCHINGS BT,OSMOND SR,HAISMAN GA,SHRIMPTON JGL,THURBIN MP.,WORTHINGTON FR
McLEAN TH,HOPE J,BROWN FR,BELL ER,WOODMAN E,RIVERS JHA,WOOD FR,DAVIS REN,FARR J,BIRKS T,FORD AS,RIGBY-JONES RT,MORGAN GE,GURUNG P,GURUNG I ,BASS C,MOODIE JHW,WILLIAMS RL DFC,VINCENT AAJ,MURDOCH J,GURUNG B,PARKIN J,MILLING K,MANNING KJ,EDWARDS F,TALBOT EC ,FROST RAC,HARRIS PEM,RITTER CR,LIMB M,LONGSTAFF F,ALLAN DF,,DOUGLAS WAT,PARTINGTON CA,ADAMS JJW,GARWOOD AR,TAYLOR MJ,GARNER HW,DOYLE JT,BENNETT S ,McCRACKEN H,LEWIS TA,RAI B,FIRTH KT,LEONARD CG,TAYLOR R ,WHARTON RH,RICHARDS,MacFARLANE RON,HUNTER CH,LAMB RIR,ROYAL NAVY,SCOTT GW,,GOSNELL WM,WORMALD J,KIRK W AXE SHC,MILLERSHIP FA,SAFE GW,MUIRJ,RICHMOND JR,LAWRIE J,MORLING MV,LEIGHTON TE,SMITH CCW,EVANS AJD,GLAZE S,DAW T,,ANDERSON CN,GILFETHER JO,KIRK EW,HILL M,TOMLINSON WC DEC,HARPER JT,RICHMOND GA MBE 
SHARPLES JH,KNIGHT NE,CARAVIAS BEB,EARLEY MR,COPE T,LINDSAY W ,WOODWARD ASJ,TURVILL JH,LOVE FJ,BOULBY F,McHUGH J,SHARPLEY RI,PICKIN AR,GURUNG A ,GURUNG B ,HIGHMAN AE,NICHOLS AG,HIBBERT GI,WRIGHT RJ,GAINES DR,GURUNG G,PUN L,COBB KC,MARVIN AJP,JELLY FW,TURNER P,GUTRIDGE ME,ABBOTT DRS,HAND E,LIMBU N,NEWTON TA,BREEN PJ,RAWLINGS A,MURDOCH GJ,PICKETT PG,BULL WL,GITTINS H,MAURIN C,GRAYSTON N,O'GORMAN J,BURTON RJ,McGIVERN TJ,NAPIER D,WIMBUSH TA,LYONS EB ,SMITH K,,,SIMPSON SEP,DAVIDSON A,JONES DN,STEWART SJA,CUNNINGHAM HS,CLUTTERBUCK BE,MARLES FJ,WALLACE IC,MeINNES J ,LUCKHURST R,RAI A,SHELTON N,NEWAR K,HARBISON ES,NOTT P,ALLEN R,MASTERS JM,McMILLAN TJ,THOMAS KM,GRANT RA,HAYES TJ,EGGETT J,ROBERTSON D,NICOLL AC,GURUNG P,HODGSON R,RYDE AS,PHILLIPS NB,O'DONOVAN CJ
GREEN C,LEWIS H,DOBSON EH,PARKIN W ,BURNETT LG ,DUNELL WC ,MILLARD FT,YORKE GC,MOORE WG,CAIRNS J,RICH JW,GIBSON RH,GHALE D ,GHALE S  ,PUN D,HOWELL WEL,ROBERTSON DA DFC,MEARNS RG,ARKELLJH,ALLISTON J,WALKER PA,POLAND HA,MAYLE AG,BARKER TI,ADAMSON JW,WILSON S,HARRISON GWJ,JONES PR,WILLIAMS JD,O'LEARY B ,FREW DI,POLDING B,GURUNG B,RYDE WA,WAREHAM HF,De PRANCE RW,GOSTLING BP,HENRY RM,HARRISON R,HEWARD JD ,CAMP JW,MORRIS DG,KILLICK LG,BOWL VT,WEBB BL,SMITH RH,WILSON A,,BEDFORD A,SCHOFIELD IH,McLAREN AD DFC,BARTHOLOMEW KR,WOOD JS,HAWTHORNE G ,ST CLAIR-MORFORD PA,CASWELL EJ,BENT JB,PUNYER RWD,LARMAN B,CLACKETT BJ,RUSSELL RL,HEATHER VR,MILLER AH,ATKINS DJ,KILBRIDE DC   ,PUGH AP,RUTTER WJ,HOCKLEY PE,FILL GE,HARGREAVES DE,CAIG GR,JOHNSON CE,GAVIGAN H,JERZYKOWSKI S,TASKER WO,YOUNGSON PM,HOUGH JK AFC 
DUNN J DEATH AC,McKAY HS,YOUNG EVA,GIBBS JA ,HOGAN MS,YOUNGER D,DUNCAN J ,TRUSSLER AWE,PARK J,McGOWAN M,DEACON WH,CLARKE PR,RHODES E,PUN R,IDDENDEN EE,JONES WJ,CERSELL RW,BALLARD DG,ELLWOOD AW,BAILEY CM,STARES RD,HOWELLS W,DAGGETT T,BEREY MFJ,BRETT CS,WONNACOTT RC,HEAD PAT,REIR WJ,GERBER BE,NICKLIN H,McINTYRE KF,CURRAN EG,MURPHY J,SELMAN H MBE,FIRMIN C,SMITH DA,GREEN WJ,STANLEY ME,HEELEY S,BALDERS NAM,COOK RB,MULHALL C,MORRIS WO,CAMERON FCH,THOMAS WE,WALKER JCF,WRIGHT JR,WISHER LE,BURKE JJ,MARTIN HW,JONES RD,WATERS JE,FARLEY B,COLMAN VV,HEATH DA,COMER EH,COE RS,PACKAG MC ,MILLS FC,SHEPHERD JL ,SHAW WR,CHATTERJEE MI,THORNTON D,COOK EN,PINN EWG,TENCH TW,SMITH WTR MBE,HUNT TE,NAISBITT J,RAYBOULD PG,DAVIES-PATRICK H,ROBSON PS,BADCOCK PH,McVEAGH JWE,DAW VG DFC AFC,NICHOLSON G,PINK AH
HELM G,MORRISON A,WARRIOR A,BLUNT G,SEDDON RM,MURRAY WK,DIXON AC,MARTIN RC,PENDRICH CR,MONTEITH JJ,PHENIX FP,BONDA,HENDERSON R,THAPA R,LANE AES,KERSLAKE JE,DOVER D,HAYES DK,FOLEY JP,HIPWELL J,APPLEBY J,WARREN JG,McKENZIE RAC,HARRIS LA,KNIGHT RH,MORGAN HG,DSM,MILLER JI F ,O CONNOR JM ,STEWART WEL,ALWYN VL,GILLETT WM',PARTIS KJ,SCHREYECK AV,MILNE GS,CLARK JY,GREENWOOD JL,BARNES CE,JACKSON D,FEE AJ,CRUICKSHANKS R,MORRISS EC ,RAI J,JACKSON BL,KAVANAGH L,WALLS GV,TAITT AR  ,,HAWKRIDGENC,GUY DW,WINGATE PF DFC,MACKIE A ,WOODROW KG,JONES RN,,DICKS RO,HOBSON JW,SETHER EA,NYOCO,SUNWAR B,,EDWARDS FR,JACKSON GAA,HUNT SE,SMITH HA,WESTWOOD HL,ELLISON TJ,JONES WA,,YOUL JA,JENKINS F,MARTIN FMG,BOWER HEJ,:OLIVER EC,ADAMS DJ,BUCKLEY P,SOMERSIDE IDG
"""RIGBY F",PARK JH,YORK EE,WARNE FCA ,BLACKMORE IC,HASTINGS GP,COUTTS D,BOWDEN DG,RANKIN CD,SCANLAN PJ,WEBB WP,SMITH RG,GIBBS KS,THAPA P,HEWITT CS,KULA F MM,NEWMAN F,SKETCH PM,HARRISON EGW,WALLETT F,MASON WJ,WILKINSON WH,ADAMSON G,DAVIES EP,RATCLIFFERG,IWANOWSKI S,HELLIWELL RW,MCFADDEN WR,O DRISCOLL HD,CALLAGHAN WC ,COSTERTON PJD A,HICKS DC,STANNARD R,BROOKS JA,RISDON JP,BELL PH,HARKNESS WR,HARWOOD JG,JOHNSTON DH,GURUNG H,CURRY FA,MULLAN SB,HUNTER FE,WEAVER RD,ROGERS BC,BROADHEAD D ,ASH BM,APPOLLON H,OLDRIDGEJA,MEREDITH ID,BOLTON JH,DALLAWAY OJ,TRELAND LC!,FORD A,SWEET DL,,ALLMAN D,SIMPSON,HODSON JM,RAWAT M,SMITH W STEVEN W,GRIFFITH RE,WOODS NJ,PAWLIKOWSKIJ,SOUTHGATE DJ,KAY D,MeNIVEN J,PLATT DO SBIERS KR,﻿DOWN EJ,VAUGHAN EJ,ROWSON JH,BLAZER AB,RAI D,PARKES J,HAINES RC,WOOD JM,KILBANK LL
SYMONS RC,SILVA KW ,BUTCHER FC,TINKLER WA ,HATTRELL JPR,FORSTER JT  ,PADWICK SA,WINSTANLEY KCA,WOOZLEY JR,WALKER D,WHYTE AS,GREEN NS,TAMANE D ,THAPA K,KERR T,LAIRD RS,WARTON KR,TYSON M,JARVIS LHV,WHITEAR WJ,ADAMS EA,MOODY JCW,HIGGINS DG ,METCALFE P.,McCARTHY G ,WARR RB,HIGGINS IC,BETTELL IWF ,SMART CA,HILL GK,HOWE ECA,OSBORNE BDF,GURUNG L,FORRESTER RG,MILTON DJM,DRAPER PH,HARRIS LES,DUBBER RE,KENNEDY T,THAPA T,CURTIS PKE VC,MULLIGAN BA,PONSONBY GSTLN,ROBINSONS ,SMITH I S,BROTHERSTON A,ASTELL RA,STAUGHAN JB,OWEN D',BECK WD,DAVIES CW,HARPHAM DC ,ALEXANDER C,DANIELS AP,MASON HW,ELLERY HA,BEWICK W ,GOODYEAR RW,ASHTON I ,WEBSTER SW ,WILLIAMS SE,PICKERING W,WILLIAMS LH,ROURKE JP,PURCELL FP,MASSEY B,SMITH RO,SUMMERS PH,﻿﻿GOODWIN LW,DOCHERTY PL,SEYMOUR GV MC,WATERHOUSE B,MAPPLEBECK AE MM,RALEY KB,MILLGATE JL,TANCRED  LG,YULE RD DSO DFC&Bar
LANG J,GRAB RR,WATT DD,GRIFFITHS WJ,PRICE AI,ECK C,PRICE V.J.,DAMON PC,WATTS GH,WILSON GN,CLARKSON WH,MacFARLANE JM,JACKSON R,THAPA C,PICTON TJ,MEGIBBON J,MOULD JH,WHITE F,JENKINSON S,LIDDLE JT.,SHOULER CJ,MURPHY JM,GOLDER W,PRICE KEV,SEARLE FG,HINCHCLIFFE WS,HINDES FJ AM,BABB RB,DAMAI R.,MEALEY AM,CAMPBELLJ PI,BOTPENRE,WHITWELL CE,MATHESON C,ABREY PJ,SALTER D,HILES RGG,FISHER N,KING A,BANNER JC ,EKE A,MURRAY KG,McDONALD JDR,WELSH GE,PAYNE LC,WILLIAMSON A ,BRADY HM,LEATON K,ROYAL AIR FORCE,B E.LL JW,BOWEN V,DAVIES RWM,MILLER WS.,FORREST WJ ,BABBAGE N,EVANS TK,ADLINGION AB,LEWIS J,GURUNG P,BELL JA,"BRITTON,P",WEJMAN B,HIRST R,SMITH PA,WESTERN JC ,POWELL EC,EWERS JG,WEBB DS,﻿﻿RUHEMANN RH,GREEN CS,MWAMGANGI,FENELON PM ,BANCROFT K,RIGBY RL,MITCHELL MCB,DODDS J DFC,OWEN B
ROYAL AIR FORCE,PEDDER T,BETHELL BJ,STROCK H GAME FL,WALLACE G,DOWNIE C,ENGLAND R,BARTLETT PJ ,DWYER G ,GIBSON AP,NEALE GFW,HOGG A,FOTHERGILLJN,THAPA B    ,MacCALLUM WGD,NEW HC,MASON HM DFC,DOWLING F,JONES SO,OXLEY R,O'CONNOR W,SPENCER MJ,CHURCHER JF,JEFFREY KR,WATERFALL MG,McPHEE E,HINE EW AM DSM,HITCHMAN KD,MURRAY NC,GOODWIN AL,HARRIS W,COLLIER CE,LIMBU B,Le POER TRENCH MB,COSTIGAN T.,BARTLEMAN MO,HODGES JEA,SWAYNE HIA DSC,LANE JL,BUTCHER J,ELLIOTT E,PEARCE AK,HEASMAN WH,BARRY W,,COOPER G,BROADBENT J,WALKER D,CORN CN,CLUCAS R,CLARKSON KPH,ZAGROBA S,ORR-EWING RM,D SM,CARTER FJ,NEWMAN NH,GALLAGHER ILM,STEGGLES HA,RANA S,FURLONG F,HAMILTON A,BINNIE G,ELG BY R,OGG WJA,GREEN PG,GLANVILLE GC,LADD JC,•DALE GC,,HARRIS WG MC,WILLIAMS I ,LOWE K  ,WILKINS FW 3,SEAGO PF,SCOTT J,MEAD JW,TAYLOR JRD
SPANSWICK ET,THOMAS EH,GANDER ASC DFC,TUBBS H,WHITFIELD SE,KELLY PDF,CHRISTOFFERSEN P,WRAY R,DEVANNEY JT,MITCHELL JJ,BROOME GE,DOUST HG,ARGYLE AFE,BOWER RS,LAWRENCE GNF,BELSHAW J,HARRIS FT,FINLAYSON RR,LANE JC,ANDERSON CW,BAINTON G,GEE R,ERSKINE MD CBE DSO,KIRBY WB,DONALDSON IR,GARRETT DJ,INGLE W,CHEYNE AR,GERRARD J ,O'CONNOR DT,BUCHANAN CNA,PAGE DO,STREAM FJ,SPELLER PW,BAKER W,ARTHUR E DEM,HOOPER AHG,DAVEY RGA,McCAIN RJ,NICHOLLS DS ,FITZGERALD FG,PORTER J,DUGGAN T,MILLS C,HARDEN JB,HODGSON G,BURNHAM E,AFFENTRANGER PJ,HAY EH,FARQUHAR G,McDONALD GA,MINCHER HD,MAIR G MBE,RIPLEY ER,GREAVES RS,,MACDONALD AJD MC & Bar,MEASOR AJ,CHEESEBROUGH WJ,WATKINS R,HEPWORTH W,GILEAD-SMITH JR,TINKER DH,BANYARD SG,HODGES LB,CHADWICK CJD ,KEYTE R,KILANGO MURIA,BEDFORD B,RUDKIN MES,BELL WA,PARSONS MJ ,ARMSTRONG JM,SENIORA,WATSON PRS,MOURANT HLeQ DFM,GODFREY JE
1946,EVANS ECC,HUGHES J ,EDMONDSON WR,SHUTTLEWORTH GH,STEDMAN SG,PRICE JM,DAVIES JM,PHIPPS RW,LEONARD AEH,GREENAWAY VH,FALLON W,TYNAN RH ,CAMPBELL K,FINCH JE,KEEN RC,SHAW HG,LOUCH PA,PULLIN WG,CHICKEN H,McCALL V,OTTLEY J,GARVIE CW,DAVIES JA ,GIBBS RR,FOSTER F,JOHNSON R,WILSONJR ,WASS C,FILKINS JWGB  ,SHENNAN AGM,REITH IDM,DUFFELL EJ,BRIERS JEC,OGDEN JL,DAVIES JW,HORWELL E,FORDHAM PD,McCRACKEN RJ,HARVEY R,FOSTER K,REEVE-TUCKER RAStM,GALLAGHERJ DCM,FIRTH RF,ELSLEY DRI ,•VICKERS F,CHAMBERLAINT,ROSS-WILSON J,HOOD TC,NAISMITH J,SANDEMAN PVG,MILLIKIN L,SHADBOLT DR,FOGDEN PG,HEAPHY FMJ ,WICK LE,YATES R,CROSSMAN KH,PIKE GJ,GOODFIELD GP,,KIRK A,BACON JA,KIDD JS,CORBETT JN ,LOGAN JO,KNIGHT AC,JOHNSON AK,HUNT CM,TINSLEY AJC,PAGE DC ,WHITTAKER W,ASHCROFT A,STOCK KM,OWEN V,ORRINGE ET DFC,PARRY WB
ROYAL NAVY,EVANS R,DORAN JDB,PICKERING S,CHILD EC,WILLIAMS TJ,MITCHELL SD,HILL RJ,ROBINSON WT,ROSE GA,COLE JRL,CAMPION G,OAKES JH ,EVANS IAJ,HUNTER SG,McCABE D,COPELETTI A,TREZONA FI,ROPER AB,CUSHWAY AC,RAI P,ALE C,COX EC RAI R,COWLING LJ,DUNSIRE A ,MeLEHOSE WS,JOHNSTON MB,HUMPHRIES PT,KELLY RA,STUART DR  ,TAYLOR T,RUDGE JM,SHUFFLEBOTHAM R,CHEESEMAN WE,PUNTER PB :,HALL RM,HOWARD-JOHNSTON RG,AXFORD KJ,McDONNELL PJ,FRANKCOM AT ,GIBSON TE HAMER H,RIDING G,TRELAND JH,KILLEYA LD ,SINCLAIR JB,SHEDDEN R,CLAYTONJ,JACKSON SFI,CLARK AS,REID HS DFC,MATTHEWS RE,BELL-WILLIAMSON AF,HE WITT SH,BARRETT RE,PALMER G,FANNON FHA,HELLIOTT HE,HOGAN M,HARPER GE,HAVELOCK AS,,CRAIG J,HOLT SB,MALENCZUKJ AFC,PAIN NL.,MORRIS W,MERRIMAN GCX,BERRY CR,AMPHLETT SJ,GURUNG S,HARRIS TP,WOODHOUSE GE ,GOLPSMITH KC,WAKEMAN AT,REEVE PE,MACKIE RD,WARD PR
FARRINGTON J,GILBERTHORPE B,LAMBERT EN,HAYES PJ READ LH,NOLAN JG,HARROP L,NICHOLSON J,RISEBOROUGH WE,HILLAN AS,UNSWORTH R,HILLEARY AGD,GELLING C,GOUGH DA,HADAWAY RB,GRAYSON B ,TAYLOR LT,CAMPBELLJ,HANCHETT SF,SHELTON H,YEO MANS CE,BLAY KT,PLATTS B,THAPA H,MACKISON JS,PAGE WG,BRADER RM ,JONES HG,PHYSICK GS,BREESE M ,KEENE RA,MAXFIELD RA,DAW RD,HORNBY B,GANT R,DRAPER J,STIMPSON CT DFC,IRVEN AH,BELCHER FA,MCGEOGHEGAN P,PLANT G,HEWITT W,RENNIE RA ,HANION W ,LIMBU M,SMITH M,WHITE DA,CLIFT JL,FITTS MR,STEELE AL,STRONG R,REEVE GL,KELLEY GW,HAWKE P,,BULLIMORE R,HARWOOD WG,MILLER DD,HODGSON G,LIMBU D,MILNE JS,BAKER DE BENCE DM,KENT WT,KING HJ,TRACEY J,PHILLIPS JP,WARD JW,MORRIS RG,WATERS BW,CALVERT FW,THAPA P,ADAMS-ACTON IS MC,CUSHWAY W ,RAINGILL MW,WILSON GD,WOODS JG,PLUMMER LR ,WARRICK MW
WHITE NBM,SMITH AG,MCPHERSON W,McCARTHY M,CLEMENTS RB,MacNAMARA J,THOMAS GE,FISHER ND,BARKER E ,BUTLER HW,HALLIDAY AS,JONES J,BIRCH WK ,PUNJ,JOHNS T,MeWILLIAM H,WALKER CE,LOVE AP,STOWERS PJ,STEWART AW,LAWREY WG,SPRAGGON R,HEYBURN D,RUSH AR,OLIVER DE,TOOKE DA,LIKELY MJ,PONSONBY FW,BOTTOMLEY B,YOUNG JA,STREETER R,SANDER G,LEGGE CA,JENKINS RW,CARTER EA,BENNETT SL DEC,JARVIS DW,HACKMAN VCR,McINTOSH A,ROWLEY JA,JOHNSON BE,RUDGE GD,THAPA R,PETREY GA ,HOWARTH H,COLEMAN DC,COLLINS F,SHEPHERD H,BUNDAY GWH,TENNISON P,TURNER MA,MAYNARD JM,RUTHERFORD RW,BROOKS W,BUXEY W, TARLETON RE,RAW CLIFFE G,VICKERS ID ,WOODHEAD R,NOBLE CA,CARWOOD RD,HARVEY PF,LUTENER EA,JONES LJ,SAUNDERS AJ,WATSON LJT,PARKES JA,KEENAN D,HALL JW,MONTGOMERY L,GARDINER BE,GRIFFITHS LH ,MANNION J,YATES SA,ROSSER AJ,COLQUHOUN DW,WAKEFORD IH DFC
WEBSTER J,FIELD FTT,GARLICK WA,HALL T,JONES JRH,O BRIEN JF,BROWN P,STONE DM ,HUGHES FH,LILLEY JJ,PATON J,PERRY J,WIFFEN KJ,ATHERTON L,LYNCH BG,DAVIES JO,KNOTT J,REYNOLDS EE,WALSINGHAM SWA,DUNNETT KW,MILLS HGG,DIXON J,TAYLOR WE,SUWALA K,SLEPICA J,McCALL DG ,MacKENZIE GE,PAFFARD RK  ,DAYNES WJ,FERNS R,THORNLEY P,WHERRIT RS,ROYAL AIR FORCE,RAMSBOTTOM-ISHERWOOD HNG DEC AFC,CARRIE AL,JAMES WG AFC,KIRKWOOD WJ,MASSON DB,McSHERRY M,WALKER DC,HUDSON ABS ,ROBERTS W ,WALKER C,McDOWELL PJ,HOOPER TEJ ,ELLIOTT BC,GRAY RL,EDWARDS DW,HALL K,GODSELL RCC,GLOSTER MJ DFC& Bar,PAVEY R,HAMILL TR,ARMY,MORGAN WI,LOWDAY WJ,SEMBA OWEM BA,THOMPSON JJ,BETTS W RANA T,GURUNG I MM,CRAMPTON J DSO MC,SCANLAN E,McKUNE W,PATRICK AWR,BROOKS RV,1953,PARNELL WD,MUSYOKA MYANIKA,MILNE BH,NORTH TN,MALBON G ,LIMBU J,HAMILTON-PAXON G,YORSTON GB,DEBONNAIRE B,REDDISH F,WILLIAMS WH
HEMPENSTALL R,HOARE MP ,HART DA,OLLIFFE HEW,JORDAN JC,EDWARDS HJ,TOVEY CT ,KING-JOYCE TJA,GRANDISON BO,HALL KW,BELLA,JENNINGS J,LOUCH TI ,GLYNN OK,MITCHELL DJ,JEZZARD P DFM,BLACKBURN F,WILKINS JG,SKINNER BM,READER JF,WHELAN FK,ROBERTS CF,WARD KW,COUSINS DP,CLOSE S,HARPER JT,MANLEY JS,SMITH AF,CHELL WJ ,ROWE PS  ,GREENE MJ,RAI R,WHEATLEY EC,WELCH FG,WAUGH IJ,JOHNS IA,LANSBERRY RC,OLDNALL BR,MOORE WA MM,GILLESPIE J,JONES H,RUSSELL AW,YAPP GA,SCOTI TC,GARDINER EH,LAND GR,DERRY RJ ,HOGARTH J,HAYLER SV,CLAYTON BW,MARTIN JA,ALLEN DG,JAMES JH,HARROWER D,PARK PM,CLARK RJ,WASWA BW,BILNEY J,ANSELL R,HOGARTH HD,COLEY G,BRUCE AW,PEARSON RH,JAGGER J,CARMICHAEL IC,ROYAL NAVY,SHEARMAN R,BRENNAN GF,PICKEN HJ,OGBORN KS,HEPPLE A,BARBER AR ,HUGGETT PFJ,CHIVERS EJ,TOPPING JE,HINXMAN D,COOPER EJ
ARMY,BOOTH H ,MINNES T,HARRIS CEJ,MANNING PA,CHARNLEY L,SHIELDS AJ,DODDS JM,HOATSON J,McCARTHY J,BYRNEJ,KNIGHT D,McOSTRICH FIN,STOWERS B,QUESTIER MG,LOWE GT,BROWN WG,PENLINGTON A,WINTER G,SWAIN AG,BILES FE,CROOK LS,MARSHALL DE,TILLION GC ,,CHAPMAN CJ,MCINTYRE JF DSM,DIXON S,JAMES GS,JAMES WR DCM,PERRY C,DAVIE G,BURROW CS,,CARPENTER GC,TUNNADINE G,LARTER GR,PRESNELL HA,MURRAY CC,McCURRIE P,JUDGE AG,SHARP T,BANTON HJ,EVANS RD,TRACEY JE,O'CONNOR SJ,HUNTER GN,SMITH J,ROBINSON GA,DSO DFC CGM,ANDERSON A,ARRAN DALE R,COSIER J,PUN K,FOLEY PJ ,RICHARDSON TW,JAYNES K,CHURCH CTA,STEARN CG,BAKER WA,RAI A,CURTIS WR,ROSE H,WHEATLEY MF,GOOCH JRH,WYMER SGA,WALKER JF,DUFF RDM,BRADDOCK K,BECK JM,MULLIN E ,McEACHRAN JH,GREHAN M,WALTERS BF,LEWIN DC,VALLANCE KB ,PEARCE BG
WYLIE TS MC,McBRIDE A,STENT AR,ROBINSON KJ,HUGHES KB,OLIVER MA ,WILKINS K ,HAYES PAR DSC,LEWIS GW,QUIGLEY A,CAMBRIDGE R,PAVIS RR,TEARSE CEF,ROE D,ROYAL AIR FORCE,BARKER EJ,LYNE WE,ALLMAN PE,WARWICK GG,GURUNG B,WILSON G,JONES RG,ANDERSON MI,HENSBY RE,NAISH AH,CLARKE EG,MURPHY MA,CORDWELL VHM,McGEE J,RAI M,RODGER D,RAI N,HARRIS KJA,NEWPORT DES,O TOOLE T DEM,MacDONALD DJM,LEAKEY GW,HARDY IDW,MURRAY JW,FERGUSON RA,MAYCOCK JM,SADLER C ,MILLAR J,HURREN D,MEDUS VA,BUTLER JD,JAÇKSON TC,WASHBROOK RF,CUNDALL BJ,FLOWERS AE,CAPP GW,BEVERLEY F,LINDSAY AC DSC,BROWN F,LEARMONTH J,THAPA P,WHITTLE J,EDMUNDS J,BANBURY M,SELLWOOD AG,ALLEN GF,EARNSHAW A,HAMILTON LF,MARTIN E DFC,GREEN JR,RAYNER BE,TSUI KONG WAH,ALDER K,O'DOHERTY RJ,LIDDLE R,SABY MM,STILLING MJ,.EAKIN PGR,DOUGLAS T,CROCKER MJ,ROOKE JG,CRADDOCK RA
MINSHULL SA,MILLER IDL,CHAPMAN WM,NASH AHB,BIRLEY TE SMITH C,GATEHOUSE FWG,BREMNER AN ,NOBLE L,DUNNAGE SA,ARNO RG,CROSLAND E,TRUSCOTT GE,RAI K,ROGERS DJ,DOTTIN IS,BULLEN R,MOORE DL,GILLESPIE R,STARK E,CLARKE HJ,PUN K,HAYCOCK TE,CAMPBELL WM,VINNICOMBE WH,DENT WG ,DALGETY EC,MYATT FG,JOPLING A DSM,HARTLEY WJH,OVERFIELD L ,CLARKE T,ARCHER A,LYNN WR,DYKES WA,TALBOT ER,MEG RATH JJ,LEES NCE,COLE PS DSC,NEWMAN AJ,COLEMAN M,McDONALD J,SHAW JKH DSO MC,PURDIE JH,SMITH RA,GRANT PA ,RAI T,KENYON F,LYE GR,WHITE DF DFC,HANNAJ,THOMPSON GA,McHARG J.,MASON CE,CHRISTER HGP MM,FAIRGRIEVE JH ,NEWLANDS A,McBRIDE H ,O'HARA J,PRINCE HEJ,CHAPMAN W,ANSTEAD SJ,LAWS RW,GODFREY DF,BROOKES EHG,MULDOWNIE C,HORTON TFS,CHARLESWORTH H,HEEROO B,TRIGG A,SCOTT R,HOLMES AR,JACKMAN A,EOWLER MR,BOOTH FHG,BOCEK H,RICHARDS C,De ROSA RE
JONES PD,COOKE AF,BRAMLEY J ,MOXHAM AJ,LOMBARDI CD,KING LAL,MORRISON HJ,WALLER WN,DOUGLAS AM,AXTELL P,COOK C ,GISBEY J,NORDEN PD,WILLIAMS KH,DAVIS TRE,TOUCH DF AFC,WARD JH,MELAREN P,FISHER W,FERGUSON A,HOUGH RW,ROBERTS AJ,HOARE JNR MC,HOLLAND AM,NIGHTINGALE HW DFC,MASON SA,NEIGHBOUR RA,KIERNAN EJ,COLLIER TM ,BARWICK RJ,BARR A,FISHER B,NYFFELER JF,HUTT WHJ,STANTON C,BAIN GJ,LEWIS WD,GOODALL W,OSTLE T,O LEARY JE ,MILLINGTON FB,SHORT L,CHAPMAN BJH,ALTCHESON JK,ROBINSON SE,MOULSLEY EC,MACKIN J,CHESHIRE CW,PENNEY B,CHRISTIE JS DFC,CORKE JR,McKAY R,OVERTON RJ,WHITMORE PA,MacKENZIE JS,RABONE JH ,GRADY J,DENNEY EGF,HIGGINS CA   ,GURUNG K,CROCKER JC,LONGHURSTGK,COWPER GM,HOWE NI,POLING PC,HICKS BE,BEARDSALL FD,SATTERTHWAITE RC,CLARKE FT,DALEY J  ,MILLION P ,BAPTISTE D ,GURUNG K,HAUPT WG,COLE MJB DFC,LOWTHROP AHH,LANGLEY L DEM
HERBERT W,DIX TS,BUTTON WE ,1947,LEESE K ,RUDDY A,CLARK JE,CURTIS FJ,SMITH EJ,BAYFIELD JWI,,SHEPPARD D,NEWMAN H ,SHARPE FC,BARBER WF,HARTLEY B,BOWYER JT,HEDGES HR,GRICE-HUTCHINSON CR DSC&Bar,PATTOO LP,BEAGLEY GEW,SPINNER DJO,MacKAY G,FOREST GET,PERRY JS,McCALL DM,NOON KCE,MATHIESON K ,RANA D,GURUNG R ,BARLOW S,IRELAND AM,BLACK ASH,DAVIES AF,BENFIELD RP,CARUS R,LINTON WE,HUNT HE,PERSU M,NAYLOR GW,McNAUGHTON AJ ,SMITH AR,CLARK AB,FURNISS PBA,KENT J,GARRETT WF ,LOCKETT E,NICHOLSON B ,SOBCZAK K,MACKENZIE IJD,SAILES RS,MURPHYR,COOK DV,PARTRIDGE EW ,NUTT J,ROWLAND-WATKINS D,JEFFRIES GHJ,LIMBU K BRAID J,RHODES F,GURUNG B ,DOCKERILL J,SUTTON MJ,SORENSEN FW,CROSS N,PRYSE J,SIMONDS JM  ,BRINKLEY JC,HUMPHREY CA,SECRETT AJ,GAWITH J,MURRAY GP,ELLINGWORTH C,MAY A,ORRELL SC,DONOVAN JP,GRINHAM RP,SHILLAKER JA
MELTON EF ,LEONARD N,COGGER BE ,ROYAL NAVY,JAMES I ,COATES GI ,LACK DJT,ALLEN LS,BLADES S,BLACKMORE NA,HILDEBRAND GL DSO,CRAIG W,GUY R PUN M,MATHER KJ,FEARY KJ,FELLOWS JJ,ARBERY H,TURNEY JV,FRANCIS RB,ROUD IEN,GHALE J,TOTMAN PJ,GIBSON JM,FORD RE,SELL CG,MELDRUM W,PHILLIPS EGL ,BARNETT TW,CUNNINGHAM GJ,JEPSON K ,LANE WIL,CLARKE H,EDMONDS GE,GENDERS GEC AFC DFM,AXON HA,BLACK JES,LONGSTAFF WAC,DAYES GA,RAMSAY C,WRIGHT P,MONTGOMERY S,SMITH J,RICHARDSON KA,MAILE AD,WOODALL SD,OWEN TE,MORTON RF,CROMPTON CC,HERRIDGE JE,AHMAD BIN CHIK,SLOAN GH,ROBERTSON D,BRAVINGTON J,GOODMAN J,ROSE KS,RAI B,BARTRAM R,DUNN RE,BERANADO O,PUN G,EADES GB,WOLFF EL,VAUG HAN JT,AFM,JONES CJ,PACK LWC,KEOGH RP,HENNESSEY AS ,HAUGH DA,,HEWES HEW ,GREGORY B,EDGAR GWJ,YOUNG MAN-EATON K,JAMES RL,SMITH AA,FURNISS G
SMITH FA,MOOREJ,BARNES DR,SCRIVENER CJ,WARD V,CUNLIFFE J,CROSS JS,THORPE GG,WATSON A ,BUCKLEY JP,MERCER POD,GIBSON H,TURNER WJ,PHILOTT PI,BURGESS G,GAUNT M,BOODTE KW,BRETTON F,DOWELL AA,SYSUM KA,TAMANG K,GHARTI B,ROKA C,RYBARCZYK F DEM,BASER WJ DFC,MILLER AL,PHILLIPS TP,MORGAN-THOMAS PV,ALLEN J BINNS K,LONG SG ,LORIMER AR,FOSTER JD,TINGLE J,ALSTON FC,BAXTER ABJ,COBBOLD JH,MACKENZIE CI,ALDRICH AJ,WHEELER E,PATERSON DH,OGDEN A,TAMBLYN DE,PARRISH P,PRETT EC,RAI R,DONOGHUE JA,PARR EW,THOMPSON WB,DANTON MF,ISHAK BIN AHMAD-,WALSH JE,STEVENTON DW DSO DFC & Bar,GREENWOOD ABF,GILLIGAN CN,WRIGHT KW,GEEN D,McCORMACK CE,GERARD LC,WISDEN GA ,WALKER PW,GODFREY RJW,MITCHELL W,BROWNING BGJ,GARNES WE,PRIOR MW,WADHAM NC,FARTHING DS,OKELO,HOTTINGER V,NYANCANYI NYAGUTI,ROBERTSHAW JB,BEGUE S,•FORD JM,BISHOP CD,SMYTH FP,FORD JB,GROVER CK
BURRIDGE TK,GODDARD HAJ,O'REILLY CB,WARD WJ,BRYDON A ,MARTIN CIV,CLIFFORD A ,SMITH RAM,COLLINS JR,DENYER WT,WOOD C,FISH C,McNALLY WC,ESTELLJA,LINDUS PA ,WILKINSON FA,FINLAY DW DFC,TURNER R,OSBORNE RM,FRANKLIN SC,BULLOCK WD,GOODE RTC,THOMAS JC,CICHOSZEWSKI M,,OLDHAM J,OLIVER WA DSM ,BELSEY JE,KIMMEL MOF,MERSH FT,MAHER VE,GORDON G,CUNNINGHAM J,BARDOE PC,BONE AE,COX TA,MAÇKENZIE-EDWARDS RP,BENSON EA,WILCOX W,BRUCE A ,OLDFIELD D,TAYLOR DM,MITCHELL RR,SECKER JH,FITZPATRICK F,CAULFIELD G,O'GARA M,CAMPBELL A,GULLIVER ANO,,WATSON S,FIELDING N,BURBIDGE RE,KNIGHT AE,THORP WC,McGUIRE J,RAI L,MULLER HJ,BROOKS DR,HOYE TG,HERON WG,CUNNINGHAM IDS,RUSSELL FE,HESKETH W,TAIT RW,BARKER F,BOUGH S,MILLER WM,-IRVINE J,COTTON SG,ROBINSON J,IRVINE C,PROBERT EFG,De COURCY MCC,WHITE CT MBE,BLEWETT AH,CLEAVER REW DSO DFC
DUTTON R,MEADE-WALDO TG ,YOUNG GJ,TATE LC,TOMLINSON A ,MITCHELL DG,PORTEOUS JL,STEVENSON GA,JONES WA,HANCOCK A,COPPIN NS,LOGAN HL,PYE TY,TAMANG S ,GARVEY RFC DEC& Bar,EVANS HH,FORDER KAD,BRIDGMAN BO,HALL PNM,RANDALL H,CURTIS BS,TRIST JJJ,ALE T,COOPER TB OBE DFC,BUSBY RW NISBET R,COLEMAN RW,PROUSE KR,STOREY J ,HARRISON DEJ ,FINCH B ,TAYLOR A,JACKSON F,GEAL E,PEGGE COJ DFC & Bar,CATON AK,DSO DFC,McKENZIEJL,FYFE GS,WOODHOUSE WJ,RICHES FL,TUCKER HEE,TAYLOR J,PUN P,CALDICOTT PD,BARTLETT FW,ROBERTS KE,PENNINGTON F,﻿﻿FISHER DA,BIRCH HR,MOHD YASSIN BIN HASSAN,YEATS JHW DFC,FELLOWS HG ,LOCKHART WG,FREEGARD HS MC& Bar,WRIGHT T ,CARLTON MP,FARROW E,WEBSTER DG,STAFFORD JG,GELDER G,HOARE CRP.,JOHNSON IK,FLETCHER PR,LOMAS TEW,CROWE JF,EARL GH,WARD LA,HARRISON J,MCKEE R,FROST RT,STONE AJ,ENGLAND R,KIZITO Y,WOOD MAG,TACCHI I,BRAY NAN DEC,BOULTON PR
GRUNDY W,CHARLESWORTH D ,LEMON LA,DRURY-SMITH TJ,COLE RJ,CROSBY G,KANEJ,OCKELFORD EJ ,TAYLOR AJ,HARDING EEJ,LACEY JE,CRACKNELL EG,SMITH JM,O'NEILL MJ,WARDLAW JM,FISH GW,FRYER RG,BULLEY AG,LOBB OE,MASON JA:,GRAHAM-WATSON PWB,JACKSON A ,FINN HPJ,EVANS G,BAIN LA,STEPHENS LH ,PURKISS BS,DAVIES RG,BIRCH AA,McDONALD JRW,RAI K,KEMP R,HAMPTON J,,DEAN VH,KEEBLE BA,MILLER J,COTTON WE,WRIGHT T,BIRT KT ,UTTLEY H,THORNTON GA,GREENWOOD WC,LEGGAT J,BRICKWOOD L,GERARD J,PHILLIPS A MM,ARNOLD EC,GREEN LA,WAHAB BIN WARJAN,,THORBURN JC,BELL WA,ELLIOT GP,QUINN JF,MARSHALL GA,HORTON DL,HAYNES NA,BRYDON JW,SPEARS FG ,JACOBS DF,LIGHTFOOT JB,HARGRAVES AC,PINCKARD FR,HENDERSON PA,HARMAN DJT,MACKAY NR,THAPA H,RATTRAY AC MC,NEWMAN HCD,BRENNAND G,JONES DA,COX GJ,PETRIE A,LIVINGSTONE GR,FORREST R,HEBBLEWHITE J
PIKE RW.,RICHARDSON A,FOWLER WI ,ARMY,HUNTER CS,PAICE MH ,SAMWAYS DE,BREEN JJ,WRIGHT TR,JONES HR,MacKENZIB JC,PRICE WR,PICK GH,McQUILLAN RE,DUNCAN KI,FISHER GHW,GRANT LG,BURNS J,WILLIAMS PD,STREET JH,JONES E,FINDLAY R,TATE M,LAKER DH,EVANS NT AFC,HOSE PT,POWELL DN  ,GARNER I,JAMES RA,PYEMONT DS,SKELTON HE,LEWIS A,HARRIS LG,REDMAYNE PW,DENCH RJ,MARTINDALE WR,NICKALLS HAH,REES KC,DYTOR F,DAVIES RJ,WEBSTER JC,WALKER L,GURUNG P,MANSFIELD JJ,JENKINS AV  ,MOYES J,ROBERTS WK,REYNOLDS G ,DFC,BLACKSTONE ME DFC AFC,BOND TAB,ROGERS MF,MARQUES CA,LANAGHAN JM,KUBI BI,CULSHAW R,LALL RHC,NA MATTAGLO,SAPSFORD AJ  ,HORN ML,MACK DT,SMETHURST MJ,STEBBING DB,ROGERS JA,DILL JM,SMITH T,AZZOPARDI JM,MeLEAN G,WILSON AE,RAI B,,JONES JC,HUBBARD BH,SIBBETT DA,STAINTON D,PRYOR CR,BALDOCK JR
WAIN G,HUNTI,HALISSY R,WILKES JE,HUTCHINSON PHS,"CORNES JR """,BARTON R,BULMER JW,SMITH RA,MADDISON J,FEATHERSTONE A,PAYNE CS,BOWEN J,SIMON VK,HORNE ASD,RUTHERFORD D,LAKE K,HUGHES S,RIGG TABN,COPELAND R,LEA HL,BURROWS BB ,LEWINGTON AW,RADFORD RGH,FORWARD D,WILLIAMS DR,READ JL,JAUNCEY WLJ,GELDARD C ,RAI T,BUCKNALL JC,LIVINGSTONE J,DFC,MILLER LA,RICHARDSON RW,NATTRISS D,NORTH RF,GOATLEY GJ,EDWARDS WA,LEEDHAM BJ,• AMOS T,TWEEDIE J ,DYKES N,HARLOW AE MC,SUMNER D,RAI C,RODGERJH,HOLMAN LW ,JACKSON RB,McKAY W,CURSON BL,MARSH CFT ,BRUSHETT BP ,AHERN HA CHARD BC,YORK TD ,INGRAM JR,MacLEAN MF,BERNEY JRE  ,SIMMS FC MC,OVERY GH ,MALLOWS FTC,DAVIES RL,THOMAS AR,WILKINSON LH,BARNES RA,PETCHELL I ,PALMER DE ,PATE HR,YOUNG WB,RAIL MC,WATT CAL,JONES W,HASSALL WJ,COOMBS BF,HILTON PC,TIGHE CE,BENT RM
DUDGEON J,CORBY HE ,GARMSTON WJ,ELLIOTT AAP,MINTO W,VICKERS F,FENEMORE-BELL P,VINCE G,WATKINS KJ,PAGE RC,HEWICK WH,DAVIES AL,ELLIOTT J  ,ARSTALL AJ,KAHAN RE,DOHERTY P,MUNTON A,SHELDON JA,WRIGHT HE,GILLNG,BEAVIS AH,WILSON KGW,FAWCETT K,WEATERTON IS DFC,HINTON DR,REES PC,RICHARDSON T,GRAHAM JL ,JESSIMAN IR,DOWBIGGIN WH,CARPENTER GE,STARK RC,STEPHENS AE,ARCHER IW,ARMSTRONG TG,PURCHES SG,PANE PR,BROWN REA,ELLSMORE SF,ELLIS JP,BARCLAY FT,WALSHE J,STANTON B,TRUMAN K,LOCKEY AR ,BEAUCHAMP BA,ROWBERRY H,GREY W,DFC,FORD GC,LUFFMAN RL DEM,HODSON MR ,MacDONALD K,CRIPPS RPB,STARK T,WALDING EA  .,MORRISON LE,PERFECT RM,CAHILL JP,JOHNSON TO,MILLS AS,GRATTON RJ,ATCHERLEY DEW CB CBE DSO DFC,BURROWS TJ,HOLDEN IG ,PUGH BHC,WAINWRIGHT AA,MANNING DW,JEROME JE,TRESAWNA JA DSO,HOUSLEY C ,MULLER EH,FOTHERINGHAM JLC,STEPHENS JA,FARQUHARSON WF,PORTEOUS RC DSO,TRENTHAM AD
CARDLE W ,SLADE LE,HINTON FH,PATTERSON JA ,WATKINSON AR,MARTIN JA,PEARCE DR,SWAIN CB,MARVIN CA,PAGH-HANSEN J,O DWYER K,SKELTON DRW,STANDALOFT LR,MONOHUR B,DAVISON NC,SIMS RL,SPILLER JH,ANDREWS EC,MILLS JH,MEDLEY HJ,NEVILLE H,BEAUMOND JR,HAINES BEJ,MEARS JM,GIBSON JJ ,WAREHAM MP DFC,ROBINSON PR,KNOCK DA,WOODS MJ ,HOY T,BOULTON RW,FISHER GA,WILLIAMS RG,BUCKLE RHF AFM,HOWARD NK AFC,WALKLATE GW,•PARKER G,CLARK RA,PICKERING H,DANCE HJ,BURCHILL GB,WALNE T ,GRAY A,CHISMON RL,MUNRO DS,BARDELL J ,SMITH R,CABRAL HC,McKERNAN AA,BRAND AGQ,YARROW ET,WISDOM MJ,BYWATER FR,KENWAY KW,CHATTERTON FW,CHAPMAN F,LYONS P,RUSSELL FA,McFADYEN P,KISUMO ODULA,PRENTICE MJ,WALKER ALD,SHIPMAN ER,EDMISTON JL,NORMAN JW,BLAKE GP,XERRI SJRC,BLUNDELL TA,MONAGHAN FS,TAYLOR FG,FLETCHER J,EDDIES CH,MORRISON C,BLOOMER FH AFM,FORD SB,,STREVENS RA
JOHNSTON AT,WILLIAMS AE,MONAGHAN RH,HARRISON AF,WELLS T,SINNOTT H,MAYLAND SG,McQUADE WJ,SHELDRAKE HV,ROBERTSON CA,MELTON DV,TAYLOR B,PAULL NR,WHITE CJ,BROWN PB,TAYLORN DFC DFM,WOODS CV,GRAHAM V,OWEN TJ,SIMPSON RP,RAI J,HUGHES NV,PORTSMOUTH AJ,CLEMENTS RA,PEARCE JA,CALTHORPE W,SMITH AR,McCOURT J,CLARKE WM,BEATON JHE,BRISTOW BJ,HASELTON H,CARPENTER JA,CONAGHAN TJ,MILLER FG,1951,PEARSON DH,JAMESON JE,POTTER W,LISLE RAS MC,CAIN J,WALTON ML,GURUNG C,GURUNG T ,PETHERBRIDGE SC,BROWN DP,SUGDEN R,﻿﻿MAWDSLEY TR,BAKER RE,MOFFETT J,MUSSELWHITE KW,QUINTON DW ,LECKIE PJP,BURGESS SCU,BUCKLEY E,McGUIRE T ,MCCAFFERTY D,WHEELER KA,METCALFE D,BLACK W,ROBERTS FH,GARDNER DH,MATHEWSON RF,KEYSER RJ,BUTCHART SJ,COLLINGWOOD RE,KIRBY JA,BUSH JG,•WHITE GT,ARCHER R,WILSON J,TRAYNOR JH ,WATKISS CR,,TRIPP LL,LONG TR,IDMON-WHITE JA
SORRELL DM,PAUL GA,HILLIER SJ,PICKNETT H,KIRKBRIDE N,MCLEOD H,MARSHALL CR,GALE RJB,TEMPLIN LA,STRINGEMORE FP,PORTER BP,WOODRUFE KT,HANCOX D,NEWELL JS ,BROOKING EN,BRITTAIN DG,PETERS C,HARRIS DWH,POPPLE MD,EVENETT KT,LATTON W MM,LACOMBRE LH,McDERMOTT TE ,BIRKS MB,HOWDEN D ,DONALDSON DW,TAYLOR C,PARKINSON-CUMINE RN MC,LORD R,GOODCHILD B ,BROWN TA,STEDEFORD BW,HARKER DA,DABROWSKI S,ABU BAKAR BIN ABDUL MANUS,ROYAL NAVY,PRESTON RJ,MUMFORD RE,SHANNON J,SHAW J,CORNISH DA,WASHER RSW,THAPA T,GURUNG P,CARLTON P,RESSIA PC ,SUTHERLAND SJ,RAI A,BROOKES PET,REGAN W,SANDS JS,COLLEY RM,HARRISON JN,LANDOWN WE ,DAVIES EJE,HUXSTEP AC,TAYLOR PR,RENNY-TAILYOUR A,MOURGHEN MP,EVANS RI,ROYAN RHG,BRADLEY JL,McDONALD WR,MeLEAN JDC,EVANS TRV,HUMPHRIES KS,YATES LE,JONES R,RAI T,BURKE JH,BARNWELL CRB,CHONGA,LIMBU B,MORGAN BP,NUNN AB,LACEY BPH,ILLINSON WA DFC DEM
HARRIS KE,HOLT W,COSGROVE J,CRISP NE,EVANS KS,GUISE GE  ,TAYLOR GA,GREEN JI,FRANCOIS P ,WARNETT J,FRANCE WA,COMOY MHD,HEWSON JI  ,PICKERING W,SAY KR,DEAR R,SAWARD HC,JOHNSON TI,ROMAN LA,PUN G,RICHARDSON WTL,THOMPSON J,CARTER A,PERCIVAL CR,PRIOR RA,EATON JE,WOOD EG,SOUTHWORTH R,STEPHENS JW,ELLERBY J,TREDGET KC,WILSON R,POINTER DA,FENION WS,ÁLI BIN MOHD NOOR,HEARD LA,RAMPLIN A,SKELTON C,WHITTAKER S,STEWART WD,DIX WEL,WELLMAN WC,TICE AE,GURUNG G ,DEVONSHIRE AG,CHEESMAN J,TOPPING HS,TAMANG J,CARPENTER AJ,WRIGHT GW,HOLLAND F,DIXON RG ,EDWARDS LM,MOORE EA,CLOAKE JA  ,RAI R,TURNER GE,MORRISON R,WYKES NE,GORMLEY TB,SNARE JM,CATCHPOLE JH,PRYTHERCH W,TINLEY P,FRANKEL SB,CANNON R,GRIBBLE NA,JENKINS EC,FISHER BE,DIXON PG,RAI G,LAMBERT RW,WAVELL THE EARL MC,BRIGGS JP,MUNTZ CUI,DIGHT PJ,CLARKE PJ
VARLEY R,CARRINGTON WB,HARRIS LW,SALISBURY RW,NIELSEN EE,DEMPSEY MJ,MORROLL GA,CROSS V,THOMSON J ,WILKINS NB,GORROD CF,DENNETT B,ROBINSON JLB,SPIERS AP,SYMONDS KC,GILBY AT,CHILD J,LOVE WA,SHOVE RG,WEYMAN NJ,STJOHN BEALE NVTO,HINDLE H,SUNWAR K ,GREEN E,DIGGORY RER,SMITH WSJ,SWIRE W  ,STRAIN E STRAY DW,BELL GG,BARCLAY DG ,BEARNE CWF,SMITH RG,WALLACE GR,JONES PV DFC,OTHMAN BIN CHIK,HILLS SEH,REWCASTLE AGC,De CHARMOY RPLD,HILL BN,SUTTON W,DONALD RA,WINTERSGILL K,LISTER RW,KENEFORD RL,NOLAN AM,CHAMBERS RJ ,BURN JN,RAI K,COOPER EA,BARBER WM,JAQUEST RE,COXILL LA DFC,HERBERT RE,COPSON F,McGLINCHIE H,HAYCOCK HA,DOBSWORTH GH,LANYON JWH ,ZADEK P,GILLESPIE DA ,WEALLANS J,PATERSON JS,DURHAM A,VINCENT JH,HART WI,MACPHERSON CA,•MORAN RT,DOOLE SJ,WATTERS E ,KEATING PJ,DARBY E,BROWNER,ARBUTHNOT RIF,WHALLEY DE ,MITCHELL KW,FLANAGAN KJ,BANCROFT PE HILL GW DFC
WILLIAMS G,MITCHELL N,RANDALL JS,GREENOUGH JW,CARR N,SCOTT WE,SINDEN LR,EDWORTHY FM,WHITAKER EE,WILLIAMS RJ,HARDING REW,MARRITT JR,PICKARD M,ANDERSON EF,DEAN PR,GILLMAN EJ,ARTHUR JB,MASKELL PM,HARFORD S,BROWN JD,WHETNALL KA,WESTGARTH LR,GODFREY JJH,JACKS TM,BARTHOLOMEW G,BIRRELL DM,HEARD WJ,TATE JA TROTT CE,WARD PT ,BYERS WS ,HAYFIELD FG,HARRISON GB,HENDERSON GHM,LOUBSER PG,HUNT FH,HENRYJ,RUTTER J,HOWE NS,HAYNES W,SMETHURST JW,GUDGE KG,WYLIE CL,CARROLL JJ,JORDAN J,SHERMAN LJ,HAND LJ,TYNAN J ,SPILLANE RC,CURTIS RC,MacMULLEN RT,MUNDY AJ,TRODD LA,WILLIAMSON-NAPIER TJC,MOORE WP,TYLER AT,BAMFORD GA ,BAILLIE WM ,FANNIE B,DAYKIN RJ,GREENSHIELDS RA,WHATLEY NO,BROWN PB,WILSON A ,HENDRICK KA,HAWKES B,ROWLEY AGW,ROUTLEDGE FJ,WATSON B,MILLS RB,WILLIAMS K,LOGAN JW,MILLER DJ,SMART DA,MURRAY JR,GREGORY EFW,SHARP DA,STOTHARD F
HULME W ,WIGNALL L,SNELSON J ,BOLLARD R,REEVES RS,CHOWN RO,PICKERING DH,HARVEY RR,FINCH J,WRIGHT J,SMITH R,PIKE WH,BROUGHTON AF,KIRWAN GJ,BALMFORD JN,HEPPLEWHITE J,COPPER RF,SMITH R,COOK CS,COBLEY KE,BYDE WC,SOORAH JE,MILLS J,JOHNSON D,BURNAND IG OBE DFC MAUDE SNOBE DFC & Bar,CLARKE RVE,CAMP CA,WALKER WA,FALCONER GB,GIBBONS JR,HUDSON R,PENMAN J,McQUEEN GR DFC,MEGRIGOR AK,HAPPE RW,MILLER LO,SHAW FM,TOLLEY WT,HESKETH C,MCKEE R,HONE PD,BALDWIN KW,MASSEY TG ,DEMPSTER AS ,WHITE R,DEED EA ,CHEW C,DOBSON B,DAURIS WC,BRADFORD JW,SHORT AE,SAUNDERS NRL,MASON BW WHITE VD,GOODWIN RJ,WARD WJ,KILLEEN M,HARRISON M,MATHIAS JRW,ROBSON S ,McGUIGAN JGM,CHANDLER L,SVEHLA GV,WEDGE GA,TURKIE VA,PEMBERTON J,LAWSON JH,BRADBROOK FG,BALL C.,NUTTALL JE,STEWART RP ,STEWART IM,MOOTOOSAMY MI,COLLIE WB,KENCH TAW,HAVERCROFT MH,ISAACS VW ,REYPERT DV 
VARLEY R,WILKINSON G,FLETCHER E,SMITH W,OWEN SCP ,PADWICK HJ,GALLAGHER D ,ASHWIN RE,BUSBY PJ,WRIGHTJG,HALL DT,FOSTER FC,DENNING KM,LEGGE G,ATTER G,LUKINS BL,BARTHORPE E,THOMPSON JS,CHAPPELLJE,CRANKJ,MARKS R,LYNE DGS ,KELLY H ,PENNY A AFC,WHITWORTH S,WALSER DF,MOORE AR,WOOLDRIDGE R,RAI M PRICE R,VICKERS RD ,RUSSELL DC,RAI B,JANICKI J,MITCHELL D,SMAIL RF,WESTWOOD G,SHERGOLD EN,JENKINS MJ,REILLY LHStC,RAYSON C,INNS G,BUXCEY HE,CLIFTON HE,LANE JH,DOWNER JA,HEATH GH,GURUNG T,CORCORAN JR,GRACIE J,HAUXWELL AH,KING NT,HART AJP,HAMILTON HS,MacIVER D,CHABLE JE,STENBECK HWN,ARANDS THP ,,NDAMBUKI MUNGALI,PERCIVAL MJL,THOMPSON G,GUBBINS BM,BISDEE WM,SYKES GE,SHINGLER J,BRADLEY RD,CRACKNELL AW,ALE P,LIPSCHILD B,JAGANAUTH M,W LIMBUG,COULSON R,PIPE DF,STOCKLEY EJS,BONES KB,BROWN MAF,WOODHEAD RJ
WINTERBURN CG,GIBBS CJ,STANLEY D ,FRANKLIN CJ,CARPENTER RE,NICHOLSON D ,HOLDEN IE,BINKS R,JOHNSON FW,HOLT HD,SNODIN BG,WEBSTER VE,MOORE KW,MERRINGTON F,CARTER GGW,SLEIGH R,DICKENS G,LURATI EG,WALKER JG,NICHOLLS AR,DAVIES A DCM,DALY JD,BANTON E,REEVES KA,BOYENS LG,O DELL IAL ,HARRISON J,NELSON DM,BENTLEY FG ,HOLLOWAY MT,WEST ED,DIXON MGI,HALL RH,SHERWOOD G,DOCHERTY W,DOWLING MG,SMITH FR,*ARMY,GURUNG D,ROXBURGH H MALECKI M,OATES JJ,CHAPMAN G,DAVIDSON W,BLACKLOCK RE,WEIGHTMAN J,MOLLAND DP,JONES D,FIRTH JKA,HOBDEY DR,LEACH DM,MACLEOD M,HILLIER DD,SCHOLEY A ,PRINGLE-PATTISON ARG,DAVIES WJR,HUNT PW,McKEY HE,SMILES J,SMITH RJ,REEKIE JSR,ROONEY JP,WOODS AJ,BLACKALL RO,CLARKSON NR,FLYNN P,WALTHAM JR,MORETON AP,PERRY CM,ARCHIBALD A,BROOKES WS,CRESSWELL,GOUGH GC ,MILIS J,WOODS RK,FULLER HJ,YOUNG AD,SMITHER GB DFC
DOWNES F,WILLIAMS A,JENKINS J,WEBSTER J ,GRAHAM GJ,McCARTHY JA ,STOCK H,BLACK WH,HAND JF,MORGAN DA,BROWN WJ,POWLEY JM,SPICER J,HARWOOD JFW,CHAPPLE HB,SWORD H,HERD SJ,MELDRUM JB,KIRKT,PATTISON G,GUTTY M,GODFREY T,GURUNG S,STAVES AE,REYNOLDS DR,CHEW AH,BEAUMONT GA,RAINE D,NORGROVE A,CLUCAS W,WHITE GA,SUNWAR S,WALKER CJ,HARRIES RH DSO& Bar DFC&2 Bars,DUNKIN AJ,HOLMAN JH,SMITH JD,REED R,HAGGARTH JS,THAPA D 595,MORLEY J ,CLARKE G,MILLER EA,KERR JJ,SOUTH R,KNIGHT JAC ,BAILEY MF,REEVES A  ,HODGE RF,SCHNITZLER BD,ELLIOTT H,WOODLEY MAF,FINDLAY A,FAIRLEY HGP,GURUNG T HAYES FM,RICHARDSON J,SMITH RH,SHIELL G ,GARWOOD P,SHAW R,AUSTIN PG,KAVANAGH L,SUR DA,STARKINGS PR,MORLEY FJ,MEEKS FE,CHALLIS TFJ,CARTWRIGHT PBS,ROWNTREE FCJ,MOGIE JJ,BIBBY T,GRAY D,CLEVELAND GF,JARVIS RG,TURNER A,DAVIES MP ,FORD DG
HAYES T,BERRINGTON S,VINTON RG,COATES G,HOLDWAY MHH,REG LAR CA,VOWLES AS,BLAKEY RAE,PEARCE P ,LANGSTRETH TR ,HUTTON TJ,STAPLES JS,PUN C,MATTHEWS E,KNAPP RA,TOWNSEND FW,KINGSLEY JN,1949,SUGDEN GW,DUNNE P,RAI M,GREEN E,RANA H,BENSON DA,ROBINSON T,DAVIES AB,McCARTHY EE,EATOUGH B,SIMMONDS HR ,RAI R,ANNAN A,LESLIE A,SHEPHERD HC,STRATHERN WM DEC & Bar,WARNECKE A,GRIEVE J,SMITH RBB,ADAIR W,SHAW J,THAPA D 450,ROBINS BN,CLUTTERBUCK FM,PENROSE MCWJ,HARRIS GR,NICOLL J ,PELLING M,FOX RO,BRADBURY HH,KENT AJ,TAYLOR RB,VALENTINEJ,CAMERON A,BAILEY JW,TRACEY RJ,YOUNG LW,LEEMING C,SCRIVIN AH,GURUNG K,DENTON C ,GRACE JW,VAUGHAN E,ANDREWS DJ,IMRIE JA,HARVEY A,METTEM DJ,TEIRNEY EAS,COCKS J,DUCKWORTH E,EVANS N,ASHWORTH TH,GARNETT K,CUMMING G,HAMILTON HH,MORTON AIH,HORNE W ,THOMAS LA,SAUNDERS HR
JEFFREY BC,McCORMICK RE,CARTER TA,WILLIAMS L,MARTIN P,WHEATLEY GA,MARSHALL KVH,BRENCHLEY KC,TAYLOR HJ,MASHE S,WATSON WRM,CROSSLEY GF,WARD WEL,DAUNT NR,PEARSON LG,TURNER DG,McCOLL EDP,ROYAL NAYY,BERRY AP,SPENCE EB,WARD AH,MATHIESON HM,AYRES LJ,PIGRUM KH ,McFARLANE AJL,MURFITT C,BAYER RG,SMITH TM,DOUGLAS JC,THORNTON TH,BARCLAY EB,BADDELEY WC,DAVIES AS,MEADOWCROFT DC,KINGSWOOD AJ,TAPHOUSE DP,STEWART AJ,ALEXANDER CG,DOOKHURRUN P,CHENGELEE P ,SHORT JE,CREWS RE,WATERS TE GC,THAPA D,THORNLEY L,SULLEY H,KING WB,MARSH HD,HUMPHRYS DE ,BOYLE J,WALKER EFJ,HEAP ANH ,COOKE CK  ,HICKMAN WC,TUNNEY H,PHILOTT W,TRAYNOR T ,WALKER E ,BRETTELL MA,LATTER DW,CƯNNING HAM T,HEATH NB,JOHNSTONE R,JACKSON R,RICHARDS JA,WHITTLE R,NEWSTEAD BW,NEEDS JCW,ANDERSON CFF,GILBERT FSJ,OUGHTIBRIDGE RK,SOBEY K,GOODALL AA,JOYLES RA,MARGETTS RC,KILMISTER HT,POLLOCK AJ
CARTLIDGE H,HALL FI,COLLARD FG,HANBY EJ,CHADD AJ,MINNEY J,MATTHEW JE,COLLIER GG,STRONG RD,BAILEY JE,HICK GA,HOUSLEY GW,VICKERS GA,ROACH W,MOIR DT DFC ,WISE JA,REYGATE DG DEM,BOLTON JHP,DYKE EJ,LANE W,PATTERSON E,THAPA H,PRITCHARD AC,APPLETON JR AEC,HURST JA,SMITH D,ALDRIDGE BC,ORR S PARR D,HURST PJ,MAUDLING FJC ,BOATMAN PS,BROOK TR,HARREX SH,HINDE F,HARVEY LS,BEAVAN AC,STRACHAN JG,ARNO H,BUSTARD JC,HOSENALLY I ,SKOINES JB,DANES HW,DAVEY TWA,SWARBRICK GB,MEW DD,HIGGINBOTTOM G,COLLISON MR,WARE PP,McALLISTER PC,McEWAN A,CAIRNEY JW DFM,S MAIL CM,BENNETT NE,LIVELY JA,BROWN JTS,ROBSON N,WAITE AD,MCALLISTER LF,BROADBENT RH,HALL DG,MACK JV,MATTHEWS DM,NORMAN NT,FARRANDS EL,RUNDELL B,WREN BDA ,ALLATT CH,DONNELLY-WOOD EM  ,FOYLE JE,SALTER T,WALSH D BAKER RJ,LATTIMER JM,ROYAL AIR FORCE,HOLLINS AJP,HERRICK R,LANE RB,HOWARD V 
MARKHAM GH,JOHNSON CE,CLARK FG,JONES A,CLEMENTS RF,GARBY DE,PATTERSON RE,COPE RWJ,WAITE FC,FIELD WJ,BUTTON B,LONG DE ,BALCON JONC,PAYNE WR ,SMITH P,ALLENBY CR,SHIMMONS KR,CLARKE AM,ECCLES EHR,WELLS ME,CHALLINOR C,YEARDLEY J,MOON IG MBE ,FALCONER JF,DAVIES G ,JEFFERIES RS,WELLS JW DSC ,TURNER LJ,THURLBY JA BEM,CAMPBELL JR,BOTTING AJ,DWYER R,POWELL JE,EVANS KJ,O'KELLY PH,HAM JW,TAYLOR MGEC,ASHTON WJ,HERON JT,LACRUCHE LR,SYNNOTT WF,EAMES KD MM,HARRIS GR, O'NEILL JJ,BOYLAN FG,LEPPER AG,COLLISON MR,DOCHERTY M,OLLEY JS,PARSONS R DFC,CONNELL RB DFC,SOSNOWSKI R,BRUNT SG,MORGAN CS,TRIBBECK JC   ,CROSTHWAITE FL,BEAVAN GV,EASTON RK,LEVITT GW.,FLATT EW ,PRYOR AR,MACK EWF,PRATT PEE,VEERAPPEN V,STRUTHERS AB,BARCLAY CJM,BEARDSALL MJ,ROLSTON CAP,DOUGLAS JH,GRUBB JR ,WALLACE IR,CLIFTON C,BOWATER RET,SIGGS DJ,MADDISON RG,ROBERTS BJ,DUNCAN ALC
RUSSELL TW,SCHOFIELD I,DUNSBY JH,NEWELL RC,TILSTON R,BUSSEY FJ  ,CARTEY WH,DAVIES JMR,CARTER PC,GIBLIN BM,CANTLEY WM,DRINKALL R,LIMBU K,PATON DC,WALLACE SA,CAIRNIEJ,McAULAY G,EVANS TC,HAGGARTY TA,GLASS FM,DEWAR G,SKIBA F,FLOYD DJW,BELCHER IG,PICKERING WR,LANCEY AV,TYRRELL JBStL,ARMY,CLINTON RG,SCOTT DL,BUCHANAN MDW,HIGGS N,WATSON R,HOPKINS CL,DOYLE JU,NEEDS RJ,TEMPLE N,ASTLEY-COOPER DL,ALE C,BRAILSFORD ES ,TAYLOR IJ,GOLDSMITH RJ,MARTIN EM,GALLOP BG,CHAM RH,RADCLIFFE DR,SAUNDERS AL ,AH-FAT AF,THOMPSON W,SCOWCROFT DG,DINGLE GR,CAIN F,CHAPMAN FW,MOSS GE,KIRKWOOD WE,ELLIS A,BISSELL EA,GILLILAND RJ,WOOSNAM CR,STONE GS,STEPHENSON PB MBE,BALDWIN JR DSO & DFOL AFC,VINCENT JMD,BURBRIDGE DC,WARDU.,MILLWARD EJ ,JOHNSON TJ,WATSON B,HOLLAND J,WALL F,BLACK AR,CUMMINGS W,FARRANT DB,SKEAPING P,PRESTON DC,HILL P,GRIFFIN RS
DALE W,BRADLEY L ,HALLIWELL JT, FORDER RI,BURSTEAD PI,BUSHELL T,STEPHANSON S,CROWSON L ,FALVEY J,LEETE GH,HARBRON W,STEVENS NC,WONNACOTT AJ,GURUNG C ,WALTON JT,HEYWOOD CA,PARSONS GE,JAGGERS EW,RIGGANS W,WHITMORE GE,JACKSON WH,CHICK P,EVANS WR,DAWSON T,SEEKINGS EG,SMITH LSR,WARD RJ DSC,HANEYJT,WILLAN A,TAYLOR D,COWAN J,LAWRENCE GH,CLARE B,DIXON RWM,TAYLOR M,WILKES ES,THIRKETTLE JG,AUSTIN DS,GRANNELL KC,SANASEE M,VOSPER R,GREEN H,DONALDSON WJ,SHELTON FW,HEAD TA,McDONAGH K ,CROCKER H,ALLAGAPEN K,WILLIAMS RC DFC,RYE AC,DODD N,BALDWIN GIA,CHAPMAN FL ,RICHARDS GF,SCOTT RW,PORTER RW,CRAGG JJ,INGRAM DC,MORGAN KR,CROFTON P,HILLS JW,FENWICK RE,WADSWORTH PR,PETTY C,WATERS LS,MARTIN D,ARMY,TULK FS,SOMERVILLE A,HOWARD GWA,HURST AC ,SPEARING FC,HOWES RD,WILLIAMSON J,COOKE F,MILES JI,KEITH W
KELVEY D,PEARCE SR,BUCHANAN J,O'DONNELL CH ,ROBERTS LJ,WREN HEL,ROYAL AIR FORCE,ELWIS D,KINNEALY A,BRADFORD R,INNES LW,STAPLES RA,GURUNG R,PRINGLE EAL,GOODCHILD WA,GRIFFITHS RHP,WARWICK WH,SHARMAN RW,WINDLE BW DSC,FARRER JRS,LEE AG,RAI B,HARRITY PH,HAUPT AS,STUBBS JR,TOWNER DA,STREVENS REB ,ALE B,HARDIE C,CHESTER P ,DEMPSEY M,BATEY H,SUTCLIFFE K,POWER PA,CHURCHILL EB,MAWER KR,TRELEAVEN JM,BAILEY C,MARSDEN D,VESSEY R,WINTER DW,HILTON FB,MOSELEY AH,APPLEBEE SGA,LEE T,WELLINGTON RW,HIBBS JA,ANTOINE LG,THOMAS SV,FORTIER DCW DFC,GORELY CM,JONES KTG,DOWN LA,DAVIE AA,SMITH NS,HARTLEY W ,McINTOSH WP,NEWBOLD JA,PARKER R,HINE EE,PICKLES B,WOJCIECHOWSKIT,CURRIE IC,WINGHAM EGE,FELSTEAD G,RANKIN JW,TAYLOR D,LABONTEA,THOMPSON JH,PURCELLAR,CUMMINGS GW,NEWBY K,JAQUES DW,MITCHELL NR,CORNFORD CA DFM,DUFF JW ,FOX-LINTON RA
STANTON RF,PULLAN G,GALBRAITH GES,JARMAN A ,LEIGH EW MM,PEARCE ASR ,ROBERTS BL,EYERS WE,LAWRENCE HEP,CLARKE A,KENNY J,BENTLEY JK,BROWN TE ,GURUNG S,HOMES PJ,HOWELLFJ DFC,HART EN,SHERWIN FL,DUNN PRP,DAVIES R,TAMANG J,TRUNDLEY JG,MARSTON AW ,HIGGINSON F,TECKOE DW,MeNULTY RJ,LLOYD EP,HOLMES C ,GUY K  ,MERTON JR,FIELDING A,CRUICKSHANKS CR,MULLER-ROWLAND JSR DSO DFC,LOWTHIAN PC,MICKLEM NHS,BRAYFIELD HW,TRIMBYVG,BATES J,MOORE TJ,WALLACE SG,ANGUS P,HAWKES WJ ,GURUNG C ,REIDY M,HODGKINS KG,LEWIS FL,HOUGHTON FR,AYAROO M,TATE GR,HUNTER WJ,GRIFFIN CW,PROCTER PM,MURDOCH R,WARBOYS S,CHAMPION De CRESPIGNY,WRAY A,GREARS S,NIXON J,LEAVER JE,PATRICK JW,RAI B:,TOZER G,QUILLIAM LA,De La HARPE DS,FISHER KF,REE PG,DONOGHUE CP MC,PATTEN IC,ARMOUR R,GOOD JD,DELLER WIH,QUINNEY TE,LLOYD LF,O'BRIAN FG,DUNN GJE,WHITWORTH-JONES ME DFC,MEAD RG
,SHAW JH,HIGGINBOTTOM D,SEAL WK,WOODERSON WV,DICKENSON E,POTTER SWG,HUGHES GC,MILLER EJ,TURNER RW,BATSMAN D,SUNWAR K,PUN R,THAPA Di,SPENCER JR ,PATTERSON JD,PALMER RL,BRYANT JE,WOODING CW,HICLUJ,RAI K,TELFER R,LAITY CH,MEBRIDE R,CLYMO RH,MEAD JD,GRIFFITHS LJ,PETTITT JE,SAUNDERSON PSJ,LAYTON SJW ,HILL TG,PRESSDEE EW,MASTERSON EP,FERGUSON GF,SMITH DW,WIGLEY JF,TUGMAN RT,BATEY JW,MCALEESE E,COSTELLO GC,BAGGOTT AF,LAWRENCE E,RAI G,HOPE IH ,TAYLOR E,POWELL AJ,KIMMET S,,CHAPMAN R,KBEP LJ,HOLT JD,LESLIE C,ORAM L,ALBERT S,SIR VIVIANT BOBE,BRIGGS GK,MEECH FH,SPRY FA,CHADWICK GH,WILLIAMS JR,CLARE RJ,COUZENS GFW,SLATER CD,GEE AWA,OGDEN WM,WAYGOOD BM,GURUNG O,CAMPBELLA,COLVERSON JA,BONNER E,LOCKYER DH ,CLARKE JB,MATTHEWS E,S MITH AJ,EDWARDS WL,LANGAN MM ,LEWIS NED
,SURR H,BYRE JB,SHAW DJE ,FARRAGE G,WEBSTER C,WILKINSON R ,FENNELL RH ,BUTT JH,JOHNSON A,JAMES HE,BARRETT N,HANSON LE,MUKHIYA G,MCMEEKAN WJ,LOWE VJ,WHITTOME RW OBE DFC,ELLIOTT DJ,EDMONDS ABL,SMITH JAL,FRANKS J,BUSHNELL H,DOCWRA AJ,HOPE J,FULKER AA,OATES L,WEST JIE,MOSLEY A ,BROWNE PJ,HYDE RG,HOLMES AHE,THAPA G,WELLS AO,MERRIMAN JW,HARRIS A,SHILVOCK JE,VINCENT R,BLAKE CAH-B,DENT RR,GURUNG S,BAILEY AL,HURREN VP ,SUMNER F,KINNEAR DR,SNELL GA ,ANDERSON DAW,HUNT RC KIMMET S,BHOLA R,WATSON SJ,TUBB WE,KINAHAN J,MASON GJ ,RICHARDSON G,HITCHEN B,BROWN FC,ARMOUR W ,THOMPSON JK MC,WINTERS J,HUDSON R,COOPER RG,THARA K,JONES ES,STAFFORD JA,FLEMING SS,EDGE E,LELAND AJ,ROSS JM-CAMBYJG,CRONIN TE,TAYLOR GW,JOHNSON CF,ROBERTS WD,BAMFORD P,RUST FA,CLOWES K,FARADAY PH,WILLIAMS G,SMITH FJ
,EBURNE HT ,VOCE GW ,BASTICK TJ,SMALE EE,PREECE RA ,BECKETT JA GC,JACK EM,JONES TE,LONG DHA,McCLUSKEY CE,BEASTY J,BRISTOW FJ ,CRITCHLEY JB,ROBINSON E,ROBERTSON W,HEWLETT R,STROTHER J,BERKELEY PD,McCREARY D,RANA K,EDWARDS JO,EDGAR W,JOYCE MJ,LEWIS EG,FUNNELLJH,GIBBONS SW,FEATHERSTONE ESS,LIMBUN,THAPA C ,HOWCROFT C,THAPA S,PAIN DS DFC AFC,BROWNEJK,McAFEE D,PLUMMER PI,WELCH AG,CANNON JW,MacMILLAN DM,WILLMOTT AG,BALDWIN RA,MEADS T,FLUCK DG,RAI D,WARREN JB,COOKJ,HAZELDEN WH,DICKINSON JR,HAWES R,RALPH FAO,READ F DFM,PEACOCK G,SCOTT J,MAGAR B,SIDDLE GR,BEAUCHAMP RD,WOOTTON DA,COCKS R,DAVIES R,TULL BM,BONDA,BATH FE,SMITH GW DEC,WILLIS TA ,FOSTER JH,ALSTEAD DR,CAMPBELL AF,BOGUE JE,THORNER BJ,COTTINGHAM R,JONES C,LIGHTFOOT T ,TOMBLIN G,BEER DJ,HALLISEY WF,BARRETT JD ,BENNETT DG
,MITCHELL J,FINNEY J,MOUNTFORD H,ISHERWOOD S,SWALES HP,DINGLEY G,LEONARD TA,RAYNHAM GJS.,POTTON F,BENN JW,CONOCHIE WP,SKILBECK TTT,GAITLEY RQ,ROLFE TU OBE,S MITH PH,KELLY RED,SMITH CG,MARTIN WH,RAYNER JW,VIZOR RM,FITZGERALD T,ROMAN A ,McCORKINDALE J,LEETHAM JB,O'KANE WP DEM,LITTLECHILD FJ,HOLLAND K,LLOYD-PRICE RJ,RAI D,MEKELVIE A,BERESFORD H,FIRMIN LV',GILMARTIN M,CHIPPERFIELD EWG,MIDDLETON CG,WHITBREAD RA,COLLINGS ER,WHITEHEAD JD,FALLOON DP,BARBER DN,POSSEE WD,GOODWIN WC,SHAW G,LEE GLS,NEWMAN EEC GM,FERRIDAY FJ,MARSH BSJ,MORRISH WVJ,TAYLOR HM,WHITAKER R,WILLIS DH ,SHARPIN TE,BROOKS RR,HOLT Di,WARD CB,FOWLER RF,COSSELL SR,HATTON JAJ  ,WANIMA ONDIEK,CARLYON HL,BRINDDEY G,VARNEY DH,JARVIS KW,LYSTER CHE MBE,O'DONNELL B H,HARRION J,DUNBAR-KILBURN REP,GURUNG B,ROBINSON M,BRENNAN M,GREEN WB,CHESTER ARL,CRESWELLAE,HOPKINS RV,SMITH SE,HOLLOWAY K
,HUTT KW ,ALCORN GH,BARKER F,COLEMAN AJ,WHITE AR,SHAW AL,LINDSAY R,CANSDALE HE,PREECE JAE,SMITH VJD,BURKITT B,THAPA N,BRADING CJ,CRAWFORD IK DEC,EBSWORTH JJB,CURRY GW DSO&Bar DFC& Bar,STANLEY MD,BROWN MV,SANDELLJD,SANBY TW,COOPER CL,RAI H,SCUTT ES,MORGAN AJM ,ROWAN-ROBINSON CGS DSO DFC,MACLAREN RC ,COVELL C,THOMSON R,SOWDEN TH,MCLAUGHLIN EM,GIBSON JD,BRYANS ST,HOPGOOD EG,DOUGALL PAM,RICKETTS BE,WOOD HJ,CUE RV,BALDWIN R,HEATH L KHAN N,BRANNAN T,SHEPPARD AJ,THOMPSON J ,TRANTHEM DMJ,BELL GG MBE TD,POMFRET J,HOAD FCJ,FOXWELL MR,MUFF DJ,ASHTON BG BEM,CLARK PE,CROCKART W,SHEPHERD JI,ACTON AHB ,THOMAS DBR,BROUGHAM JHP,SIMPSON C,DAGG BT,RAI I,OKONGO,COOPER FG,FORD P,LINES RB,SHERRIFF P DEC AT,MOYES KM,BARRETT DJ,JEWELL W,NOBLE RJ,BAKER RW,GILLELAND BJ,HANSON JTC,LAWTON TH,McGRATH TPJ,GUNNYEON WC,HUNTER AE,HOGG GS,JACKSON C
,COUSINS L ,HILL RG,TIPPER KP,DAWSON R,PIGOTT NK,THOMPSON PJ,LLEWELLYN L,GREEN W,SCHOOLAR AWH,BOARDLEY BD,MONTGOMERY RG,DAVIES HM,STANNARD AE,KIRTLEY R,HODNETT F,DAVIES H,BROOKE AJ,EVANS DGL,GARDINER VC,DARBY R,LEWIS TB,SMITH M,JENKINS CP,DANTON GHW,WEBBER DEL DEC,WILLIAMS DJ,READ RJ ,SPRINGETT TA ,RAI B,MITCHELL RJ,LOCK JM,MORRISON WAL,HORSLEY MW,GOODFELLOW AG,HILL CRE,WOODS FG,DAVIES WO,SAHI B,SHERIDAN RW,BLOORE TE ,SUGDEN R,WOOD L,SHORT R,PRICE TA,GROOM GH ,SMITH EW,GUNGABEESOON M,ROBERTSON WM,BEARD JM,COUSINS E DFC & Bar,EVERETT FG,SMITH ST,OSBORNE DL,URE W,RAIG,BARTLAM AJ  ,GRAVELING HW,HARRIS JA,SALMON JE,IRETON A,SIGMUND BV,RANDALL CV,ELLWOOD AJA,CLARK CG DFC,ENEVER DB,CLEMENTS JA,WILSHAW REJ,DEVENNIER,WINTERBOTTOM J,HILL PA,MURDOCH FM,ANDERSON RFS,RODGERS A,SMITH DW,KIRKPATRICK PRJ,MASTERTON JA
,ROYALS AT ,NEWTON JM,BETHUNE JD,LOUW B,BOYCE AJ,GALE AN BEM,MARSHALL EW,HILL TA,SHEPPARD AG,BURNS ER,DONCASTER F,BILLINGTON D,TROTTER JT,ROGERS NB,FOSTER D,HANSON GA,MATTHEWS R,BOND RS,TAYLOR C,HOVELL CJE,FORBES-LEITH JA,BRIDGWATER GW,PRITCHARD H,ARMSTRONG JH ,HEWITT WI LOXTON EH,BELL DP,PUN H,BARLOW E,SUMMERS ET,MUIR K VC,BROWNE AR,PORTER EHG,KINGTON KR,MARSHALL AFG,COOLES GH,WORSFOLD BJ,DONNELLY J,WHITET,CAWTHORN MJD,BROADWAY SD,LIMBU A ,BATES HM,FELLOWS DN,MAHER D ,SHAW R,RICHES EA,MARIGADOO R,DARBYSHIRE H,ROSS IB,FITZGERALD AJ,GIBSON JW DEM,STOCKMAN CH,SAUNDERS W ,NORTH F,HERBERT G,MEZZETTI JH,KETTERINGHAM RA,ANDERTON BP,STEVENS RW,BENHAM W,HENDERSONJC,WYBORN RGS,BARTOS F,PEDLEY VD,PRICE-OWEN DR DSC,MALL R,HICKS LP,GIBSON R,SHANNON PJ,LOGAN W,WILKINS CN,CLIFTON MJJ,CATLIN JJ,WILLIAMS HV,SHADWELL J,THOMPSON AH
,JOHNS HI ,PAYNE R,KORUP S,FAIRBROTHER H,MOONEY L ,ANDERSON K,MOBLAIN J,NUTTALL F,BURKE GJ,ORR KC,HILL WA,LIMBUS,WRIGHT LT,ALLEN CA,SHORT R,HEDLEY S,Le BROCQJIG,SEARBY AB,THAPA D,THOMAS DL,JOHNSTON D,CHAPMAN GEH,BEST NE,FORDJR,CANTWELL TE,HAYTER JW,MARTIN BC,PLUMPTON DJ,POTTER K,PIGG E,FALCONER GG,EDWARDS BH,LISTER JC,MOHD YUSOF BIN AHMAD,COOP JB,COLLINS ED,ENGLAND R,BROOKS W,LARNER JP,BROWN D MM,COOMBES B,GAEL BS,FITZPATRICK IE,HENDERSON TH,BLUCKE FC,EADSFORTH JH,MATTHIEU J,HARVEY FB AFM,SINCOCK HH,IRESON K,GILBERT D,TOMLINSON AA,EASTHAM AE,HISCOX K,HILL DG,ROGERS GP,LANE WH,DARCY A,WEIR A,BETT J,MENAIR MJ,ABIGAIL ES,MINIFLE JG,BLACK RL,VERRECCHIA AM,TAMANG M MM,WINN RJ,MULROONEY M,MATHER JRS,SIM AM,THAPA Y,HUGHSON RG,COX WE,SLOAN WHN DEC,PARKINSON JD,WALLIS LE
,VOWLES EA,'STRATTON CH,,SAMBROOK R,JONES K,McLEAVY JM ,MARTIN I ,THROWER R,FORD HC,TIMSON P,MacLEOD R,RAI B,JESSUP VE,BROUGHTON PR,URQUHART JM,MARTIN JL,WOOD JA,JACKSON BK,BRENNAN B,BEAGLEY WE,MOORE D,MCHARG A,STEVENSON T,STROBEL B,CZERNY-HOLOWNIA K,MUDFORD JDE,,RAIT,GRIGG LT ,SHARPE J,FREAKLEY WH,MARTIN PJ,McKENNA BEdeS,ROSS J,RYDER RT,STEPHENSON EPL,FAIL FWA,NEWMAN RB,MILNER JAC ,CHITTY NE,SWINBANKS B ,MICKLETH WAITE J,THAPA S,RICHARDSON A ,FLETCHER RH,JACKSON L,ROSE S,LEE AS,YANDELL RD,MOSS NE,SMITH KR,YOUNG KMM,EASTHAM H,BRYANT H ,KIRK AW,COLE WR,MeSHANE F,MACKINNON J,WOOSTER PJ,LOW GH,GRIEVES WW,THOMAS DG,NESBITT RR,ASHMORE F,KEATES WJB,WALLER B,BURNS AG,CATON WR,WORLAND J ,FLANAGAN R,FERNANDAISE F,LIGHTOWLERS MJ,HOWE KD,AUSTIN B,HABERGHAM G ,WOOD F
,McCRORIE A ,DENLEY MD ,,LEECH JT,BLACKLEY CW,,MITCHELL CF,ELSE NN,SMITH EW,FURSEMAN DI,SALISBURY LG,GORDON GF,SPARROW VR,VAN GELDER DC ,YATES E,SHAW F,AKHURST JC,HUSBAND NWR,CHRISCOLIJP MM,McGRADY RB,RIACH WAP,ROUT ED,MARCUIS BEA ,HOLENDER S,GARTSHORE RWW,KIRBY J,,WAREHAM DJ,WAITE HW,WALLACE AW,GAVILLET CF,BRAYSHAW PW,ROGAN CJ,STANLEY RG,MELLING H,AHERN G,FITZ-GIBBON GM,NUTMAN JT,LIMBU H,CLARK C,WINTERTON R,GURUNG P,SEAGRAVE O,FOLEY J,MARR HW,BIRCH NA,SUM MOGUM S,ELLIS BA,CHAMBERS PW,NEWMAN E,CAMPBELL-PEAT R,DAVIDSON JK,LOWEJ,FITZHERBERT ET,STANFORD RV,HENDERSON GM,WRIGHT T,CRAWLEY E,BALD RRG,SHOWERS CR,DIMOCK RL,CHALKLEY DEJ DEC,QUIRK EEJ,DOWNES MS,McGREGOR JT,COLLIER R,LANDELS GW,GURUNG G,LAVENDER RA,SMITHSON W ,GRUBB DJ,MARTIN AS,PARKER WB,WHITE JG,BEATON G,FLETCHER AM
,BRATTON H,PEARSON FJ,,BALLARD EA ,RIVERS VH .,,MORRISON EJ,PRINCE KC,KNIGHT CR,HANDISIDES K,THOMSON JC,MARSHALL RR,BROWN H,CARRUTHERSJ,MARCH CI,SMITH LA DEM,ALDERTON JM,SHALLOW KP DSC,HALLJR,MCWILLIAMS ED,NOBBS D PAYNE LR,LIMBU P,READ RE,PRICE RB,STUART A,BLENKINSOP AM,,JAMES DH,ASHDOWN JA ,WHITTINGTON R,MARTIN TW,BROWN MAC DEM,SHAW H,WORBOYS A.,CHERRY RJ,MACKAY PL MC,FLEMING RD,PROBYN DEPC,RAI C,CLARKE CD,CLARK JC,TAMANG D HIGHAM R,OTHEN RT,PUN K,JAMES A ,HURST RLV  ,GILL J,KENT W,HITCHINGS RH,PETER GW,SNELLING HRA,NICHOLSON KG,LUMMIS HG,GREGSON DL,BAILEY SJ BLACK J,MORTIMER RD,WHITTY A ,KNIGHT LJ ,VILLERS RE,HEDGES HR,ENOCH HWT DFC,LENNON D,DABBS KJ,GOW JS,FORRESTER VJ,JUPE J,DUNN BG,HESLOP R,TALBOT M,SALT G,HUGHES TD,PEARTON ED,SYMINGTON AAJ,GOODFIELD K,CLARKE GT AFC,MERCER AB AFC
,ADAMS LC,MARTIN AJ,,TEW A,BRIGGS CD,,NEALE JR,FLETCHER D,LIMBU T,PARKES RH,MORFEY GF,WOOD J,HAMBROOK F MC,CURRAN J,WATSON P,GILBERT LEH,AUBREY OFC,DUGDALE JG,HERRETT VT,GOODMAN JH,PHILP,GIBSON JH   ,WILKIE RJ,ROWE SI,CHADWICK J,SHEPHERD KWM ,,ATKINSON B,LINEJK,WOOD WB,PHILLIPS JW,CHARMAN HH,TOWNEND C,ANDERSON RH,EAMES RHV,MILES HJ BEM,FOSTER M,ASH WJ,SADLER CA,CORDERY HJ,HARRISON EE,PEDLEYJH,SPENDLOW M,PLUMMER WP,HAMILTON DR,BUCKLEY DH,BARKER C,McLELLAND T,READ PB,NICKOLL PG,FISHER JU,MURPHY W,VEASEY DR,THOMAS HL,FERGUS A ,BELL MA,EDGAR GR,REEVES P,GLASS JT,WESTERN EWD DSO,JOYCE DA,RAPER E,O'TOOLE J,PERRYMAN MW,McTAGGART TJ,JACKSON DA:,CRANGLE W,MacANDREW JM,O DONOGHUE A ,LEE RE,FANCHETTE G,REAKES KA,WILMOT D,PARSONS DR,JACKSON R,SAVORY NJ
,BAIRD GD,BAKER KW,,HILLIARD L,KILLICK DP,,RYE EFJ,BALMER J,RUSSANT P,WARD B,SUDBURY EH BEM,COLLIER AE,BELL R,FLOYD R,RIMMER AL,KELL G,BAKER TO,GOLDSACK PR,MARTIN AE,GROVE J,SWANN MS,McCALLJ,EMUSS RA ,CHAPMAN H,ROSEWELL KR ,WOOTTEN FE,,LAWSON ID BEM,STAINER AWG,MIDDLETON DJ,THIRKETTLE D,CUNDY GL,BUGLASS JA,BAMBOROUGH JA,SKELTON S,BAIGENT AA,FOY S,CROWSON E,WESTIN DB,COX BLI,HARVEY R,ATKINSON KR,STONE E,BUCHAN A,RAI K,COX CWL,WILSON B ,ADAMS GJ,HODGSON KJ.,BURDEN LED,NATHAN HR,ROSSITER GW,HUNTLEY SJ,RAI B,RINGE AJW,MORRISON JM,EDWARDS R,PAE JL,WALSH JC,HODT D,BATES H,DRABBLE RB,SWASH PFC,REED TM,UNDERWOOD GL,KUTWAROO,HIGHAM A,MILLS ME,MULLAN A ,WHITE EM,PARKER ISR,SLOANE WR,ADAMS HT,SCOTT GH,GOWEN DC ,TOWNSON W
,COLE LA,BOYES GE,,STUBBS J,PERRY G,,SEAFORD ER,BLEASDALE R,CONNELLY P,YOUNG TJ,ROBINSON HJP,THAPA B,TAYLOR EW,HARRIS DA,WILER,THOMSON HW MC DFC,BARNBROOK MJE,RYLEY MH,MORONEY W,BYRON H,JONES IG,SMITH H,BARTLEY PR,HALL Di,CROSS PW,DRAPER SG,,PALFREY S,LISTER CD,CATCHPOLE GR,GREGORY JD,EDGAR WP,COOMBER DA,BRANDON JPL,,KIRK RMR,HEWITTJ,KELLY TJ,LLOYD WR,DUNLOP VA,MADGWICK EC,HILL RJ,LOW DBS,BEITH GHF ,APTER LG,DAVIS PJ,KEARNEY C ,BAKER DRH,CAMPBELL EC,CARLTON KG,HIGGINS J,,JEEVES A,BROWN RM,NOCK WC ,MULHOLLAND M,HILLMAN WG ,HANNEN E,SMITH BO,IRWIN GW,STEPHENS JW,HAMILTON B,MOUNTNEY DE ,SETTERFIELD DGA,HILL FA,MORGAN AJ,MOIR PJ,GLENVILLE AV,HOYLE H,HAYNES DB ,BAINBRIDGE JN,SPELLER CB,POINTER DJ,BOURNE ID AFC,SPEARMAN GW,SAKER RJ
,DICKINSON GK,CONNOR T ,,TURNER JJ,JACKSON K,,STILL I,CRAMPTON GG,EVANS RD,BARLOW WND,HOW JE,GIRLING RR,TAMANG K,DUNNETT AB,NELSON KJ,TOWERSEY SML,BARROW W,BEDBOROUGH HCRH,RYAN T,CUMMINGS J,LOADER AG,DRYLAND TG,ROSS RF,HARTLEY F,OSBORNE A,MAWDSLEY JD,,,RAI M,DRAYTON JW,CRAIG A,FORSDYKE RA DFC,RAYMOND J,GARRICK D,,BUCHAN-SYDSERFF TH,HOLMAN WM MBE,LIMBU M,BASSETT CV,ETHERINGTON PJ,SYRON JR,RAI D,WINER C,CRON IR,CRELLIN R,GILL F,PRONGER AE,BEARE ES,CORDINER AD DEM,JONES CG,NORMAN RT,,MCKENZIE J,GAY WD,,SMITH SA,KIMMINS P,JOHNSON A ,DEANS R,KIRKPATRICK RM,,STURGESS DR,FLETCHER AL,WILSON WH,,BOOTLE RP,MacKAY A,CATCHPOLE B,CORNES H ,RAI S,BUCKLE K,WHEELER EF,TAYLOR R,DOW AM,DIXON R,WHITBY-JAMES DM
,GOODWIN T ,HUNTER J,,KEDDIE DD ,HOLTON E,,WILLIAMS GW,,REAVLEY KN,BISSEX DJ,CLARE B,BENNETT CJ ,CORNELIUS-WHEELER GS,,GREER AJ,WATSON EW,,,OSBORNE JE,RAI P,DOWSEN JR,ROBERTS DE,WRIGHT NM,HOOPER DT,FASSETT P  ,,,,GURUNG  S,RAI K,DYAS WR,LINDSEY CA,STREET PJ,JACK PJ,,WYETH K,,SPUFFARD G,STOBBS RA ,FLETCHER K,BRUTON FLH,,CUNNINGHAM R,GODWIN RVF,CURTIS RJ,GODFREY JA,LIMBU M,CLERK EA,LAWTON J,PRICE TAR,SKELDON RE,,LARNACH HA ,TAYLOR JR,SPICE DC,THORN JA,HAWKINS JB ,MINARDS L,FARQUHARJK,BAKER DG,,LANSLEY JF,GEDDIS JA,GLOVER C,,,COWLEY D,JONES RCCP,JENKINS S,DAVIES PE,COUPLAND K,,UPHILL MJ,MURRAY T,ANTHONISZ CHP,JACKSON M
,NEEDHAM DD,PEARSON CR,,ROBERTS D,IRONS RW,,YOUNG A,,VINCENT SL,GRAVES J,FETHERSTON-HAUGH AMW,JEYNES WL,BOOTH A PUNG,,CRIGHTON JP,BATE JF,,,,RICHARDS EG,RAI B,,WEBE FE,MACPHERSON JHA,SCOTT DL,,,,,,SHORT L,,VALLANCE CMA,SMITH PJ,,COOKE NR,,GALLAGHER P,,,BATTRICK CJ ,,,MCDOUGALL NL,DOWIE TM,HALL MJ,BRADBURY F,,MURPHY TS,FRASER NJ,TAYLOR R,,SMITH FL,HEPPELL AG,FLYNN M ,THORPE ES,JACKLIN WE,,FORD LE MM,FARROW MJ,,CLOUGH TV,GILLARD JW,HOPKINS GD,,,,MOODY GG,ANDERSON JT,HARRIOTT CF,CREIGHTON JK,,WOOD FS,DOLLITTLE GP,CULL PJ,MacKINTOSH DJ
,NOLAN EU,RISEBOROUGH H,,,,,,,DART ML,ABERNETHY JH,WELLS PJ,,,,SMITH W,BURLS JH,,,,SUNWAR D,,,KNIGHT CH,MAJOR KA DFC,FORD IW,,,,,,,,,TURNER ET,,NICHOLLS R,,,,,,,,MOORE R,,JONES PD,AIREY PG,,NICHOLLS WA,THOMAS WDD,,,WILLIAMS R,MORGAN RW,HAYLOR ICS,WOODGATE J,,,,SMITH G,,,NEWMAN AJ,,,,,SKINGSLEY A,GIVINS J,HARPHAM RH,,,,BISHOP JHV,GISBORNEJM,PELLING RHH
,,ADAMSON S,,,BEVAN EJ  ,,,,,HILL KJ,,,,,BAILLIE PJ,WELLS LE,,,,,,,,AVERY K,COOMBS RW,,,,,,,,,WILLIAMS PCE,,,,,,,,,,MORELAND E,,McDOUALL JCS,WICKS JA,,,THOMSON JM,,,,THAPA M,SAUNDERS DL,HANDS RJ,,,,COPELAND RGG,,,WARREN LM,,,,,HAWTHORN J,STEVENSON HC,MATTHEWS WC,,,,,McLEOD DBK,
,,,,,SMITH DER,,,,,,,,,,,,,,,,,,,GRIFFITHS RA,,,,,,,,,,,,,,,,,,,,,,PINKERTON J,SIVILL VR  ,,,,,,,BAILEY FG,COOPER A,ALBRECHT AJE,,,,,,,,,,,,,,SEDGLEY WE,,,,,BROOK WAD CB CBE,
,,,,,AZZOPARDI G,,,,,,,,,,,,,,,,,,,,,,,,,,,,,,,,,,,,,,,,,,,,,,,,,WHEELER ARW,BREWELL D ,,,,,,,,,,,,,,,,,,,,,
,,,,,STEVENSON C ,,,,,,,,,,,,,,,,,,,,,,,,,,,,,,,,,,,,,,,,,,,,,,,,,,MIDDLETON R,,,,,,,,,,,,,,,,,,,,,
,,,,,LANAWAY GM ,,,,,,,,,,,,,,,,,,,,,,,,,,,,,,,,,,,,,,,,,,,,,,,,,,PRICE ME,,,,,,,,,,,,,,,,,,,,,