78,79,80,81,82,83,84,85,86,87,88,89,90,91,92,93,94,95,96,97,98,99,100,101,102,103,104,105,106,107,108,109,110,111,112,113,114,115,116,117,118
PUGH ACR, LARKIN CB, THOMPSON G,BISHOP WC,EDWARDS J, DAINES GA, ROYAL AIR FORCE,WEBSTER R, DOWE PG,GOURLEY HJ, GILBART-SMITH ND, MOGRIDGE PH DSC,EADY JM, GIBBON CW, CROSSWELL KR,CROMBIE L, ABERDEIN AM, PARKER JE,HOLLIS WE, BLAKEWAY BC,CAVANAGH TJ,TATTERSALL CG, FORSTERJ, ARCHER L,COOK MA, ARUNDELL DR, TOOGOOD DG,ALLEN EJ, DERRINGTON HM,CALEY  B,ANDREWS RW,DELANEY DA, SCHOLES DF,WOLSTENHOLME TB,MASTERSON FS, SHACKLETON WR,HAYES HR,COUCH S, RAND AJ,ROBERTS EJ AFC & Bar,ARMY
BILLINGS RS ,PERKINS ASC,TARLING JK,SNOOK BJ,FALLON H,LAMBOTTE CT,EUSOPE BIN HAJI MOHD RIDWAN,COWAN R,HOLLINGSWORTH P,NELSON D,ROSS RJ,PARTON DP,LYON J,HARDWICK K,SLADE DE,ALDERSON A,CRANLEY PGJ,TRITTON RA,HOOGLAND AJ,WHBELER A,REUBEN RIS,CLETHRO AJ,GURR IF,BLIGH LJ,HOBBS CEA,WEBB F,WARD S,HOBSON FWT,GRAHAM GA,LUDLOW B,BLOCK GE,FRYER R,BELLAIRE AJ,MOHAMED BIN YUSOFF,McLOUGHLIN D,Mac DOUGALL A,CLARE MA ,WHITEHEAD HC,STANNING PH,SNEPP RSStC,JOHNSON E
CHRISTIE JD,SCOTT CJ,WAKOL IA,WILSON G-SCOTT H,DYSON RL,PERRING AB,BARTON DH,ENGLEDOW AA,WITTY RF,WHITE G,WYNELL-SUTHERLAND BStJ,CLAYTON CD,SUNWAR B,JONES PR,GURUNG B,RAI G,DEAN M,MERCER GB,SHREEVE JF,BAKER LJ,EVANS WG,FALCONER JH,MILLINGTON AK,WALKER J,MARTIN CF,*DAWSON AR,WELLER PM,McQUILLAN AMP,REED AB,FERRY R,CONNIER AH,HUTCHINSON T,DUFFY J,PRICE WR,PHILLIPS PJ,EVANS BPJ,BEARY J,BIRCH LJ,COATES JV,BAKER AD,BURA K
KITWOOD EJ ,FINCH GR,SARAHS RRJ ,ALLEN AF,LALLOO ME,MATTHEWS RE,CASEY E,MANSON IA,HASKINS BE,WILKES GS,DAVIES E,DAVIES DG,GRIFFITHS T,HOLMAN SJ,FORD C MBE  ,BOOTH D,IRENS HJ,TAYLOR RN,ANDREWS AJ,LAMBERT GR,AKERS BM,KUNKEL RL,CASSELLS G,SMITH EA,SPRAGG KH,GRANT DJ,BRODIE D,GORDON-JOHNSON I,YOUNG DJ,FOWLER AF,DREW B,PERRY DW,EAGLAND B,EWENS JC,WITHEY MJ ,CRESSWELL CR,FREEMAN SJ,EDWARDS LJ,MAY RS,EVISON EC,ROCHFORD J
DAVY MI HEWITT R,BROWN JS ,EDWARDS RW,JEFFERIES B,SPURR PWP,SHEPPARD J,CLARE P,SIMMONDS BM,DAVIS JFB,BRIDLE H,CRONK AF ,DOREY PRA,LIMBU K,SALTER EM MBE MC,EUSTON FF,PUN P,RADLEY TR,COTTAM JC MBE,COX R DFC,LANGFORD KA,CLIFTON AG,THOMPSON CE,HOLLELY JD,PRICE JE,BARNETT TA,PRESKETT ME,CLISBY CR,BRADLEY RW,O'MAHONY JPT,SCRIVENER H,FATHERLY GCW,DEAN AGH,PEART JDB,FREEMAN BJ,HUNTER DM,HUSBANDS GJ,GODDARD DC,JENKINS PG,MOHD NOOR BIN AWANG,MOORE JW AFC,THORNTON D
MADDICOTT MJ,STOCK JH,MATTHEWS WB,WILSON CAA,BOYES E,DAVIES J,CLAY JN,ASHTON AH,BOURTON GT,SYER G,HILL JR,FORD JR,BANKS S,JOHNSTON F,FARRANCE ACH,COULING D,STEPHENSON RH OBE,LOVELL DW,GODWIN BC,SAVEGE MN,LLOYD P,LEONARD B,MARCHANT RV,CONROY R,BATES TM,WILLIAMS RG,McCOLL TJ,HAMMETT JDH,BAKER CJ,HOLDBACK JP ,FRY ROJ,GILCHRIST WM,NELSON R,YOUNG DE,RENNIE AH,SPURLING DN  ,HALL W,GARBETT AE,PETERSEN R,PEACOCK B,TONER PJ
 ,LOWE JE,SHORT RN,EKOKOU AO,GIBBS P,DUFF HMA,CONDE P,DORMER HC BEM,BENNETT AV,BENNETT R,LONGWORTH BJ,NEEDHAM JK,SHAW D,CONNOLLY WE,GRIMLEY M,CHAMPION N,COX RR,COHEN JA,LEVESLEY EV,ARMOUR T,BOLAM DW,SHAW AR,MORGAN GJ,MORRIS PJ,COATSWORTH GR,COLE RB DFC & Bar AFC & Bar,CHAPMAN JB,HENDLEY SE,BROWN JAB,SMITH JB,HAYWARD DC,HENDRY JL,YATES MJ ,MARTIN RF,TRUMAN CE,BERNARD JV,MERRYWEATHER WH,KEEBLE DB,McLEAN JK ,SCULL HJ,HICKINSON R
ALLEN IR,OWEN RG ,LEEWORTHY JA,CHALKEY WJ ,DOLAN WB,PARKER B,DAVIES B,GARSIDE F,THORNTON NH,BIRDSALL JM ,HOWATSON AA ,PEAKE RH,HALLETT BA,WING DI,JENKINS JM.,MALLINSON R,NASH EE,BODDY TI DFM,PECKHAM PA,CLAXTON JB,BRANDON J,ROSS RT,HOLDEN WR,DAY GHC,JOHNSON AR,NEEDHAM P AFC,LEWIS WG,HICKLING REG,GEE NJ.,LAMA P,HEMKEN MCM,HAYWOOD KA,McDONNELL MJ,McCARTHY PJ,HOUGHTON GB,EDEN DO,FITCH PW,BRITTON A ,HAINES ALB,WATSON JD,DUFFY J
BERN MB,DALE RG,FORSTER F,THOMPSON G,HERSEY EJ,TRULL ML,JAMES JAS,GOODING MP,BARKER PP,DOUCHEJR DFC,AUKLAND CR,RHODES CE AM,RIMELL WCP,COGMAN RB,BAIRD W,TOWNS H,HURD HG,THORNTON MA ,ROONEY R DEM,EALAND JO,BRIERLEY R,FIELDHOUSE GC,ELLIOTT PD,JOYCE JB,SUMNERS RW,CARMICHAEL WS,MARRIOTT BJ,MILLER CJ,LEDGER TAG,GIBSON JK,HEMSLEY RJ,HUNT J,DOYLE D,NASH CA,LARSEN HGF DFC,ARMY,HAWKES A ,ANDREWS EA,BRAGGINTON JT,BRAY CJ,MASON W
BROWN HA,ROBERTSON J,NEWELL EC ,SUMMERFIELD R,HIBBERT D,FLEMING B,LIGHTFOOT TB,McCONNELL FGA,JACKSON PE,LAZENBY CH,DUNN JK,RICE PJW,BAKER CE,PALMER H,GURUNG D,CRIPPS G,POOLE R,DORAN AE,SKINNER PC,RAMPLIN FC,BOOTMAN W,TAYLOR CB,BOLDEN TE,HOREMAN SN,CRAWFORD G,CORNFORTH D,BUDGEN DJ,HOPCRAFT J,JONES KRB,GOODIER B ,JAMES A,BOOTH R MBE,GURUNG B,WILKINSON H,ASHWORTH R,DARLOW W,FITCH S,BAKERJH,GUTHRIE AA,SARGENT JA,GIBSON J
BRINKMAN A ,LAWRENCE DC,HOBSON PL,MacLACHLAN P ,STEVENS HS,GEEKIE D,MARSHALL RD AFC,NALDRETT GA,MANSELL AJB,RENDLE BG,SCHOFIELD GW,RYCROFT JMW,ROBERTS J,GREEN GM,GRIEVE AJ,DALY JF,TEMPLAR SW DFC,GUSH TR,WARD J,TOOLEY LM,PHEASANT EWV,TONGE I,DIXON J,WATSON RJE,KIZLO B,GOUGH WEWNC,FLINT RW,BORTHWICK R,WALKER P,WARREN E,JAMES EE,KING VC,BANCROFT KD,EDWARDS DR,BELL WA,RAYMENT DV,FITCH SJ,JASPER AJ ,LEVITT K,THORPE BL,PARKER R
CHEVALLIER F,DOUGLAS IGA,WELDON JD,JACKSON B,PARR JW,HORNIGOLD N,NICHOLSON R,STARLING PJ,BLOW H DFC,COX R,WALTERS FS,SMITH C,HEMING RMM,PEARCE JP,MATTHEWS P,STEEL AD,TURNER MJ,ROTHWELL JK,LONGMAN MAL,LAMB K,WALLER JS,GUTTRIDGE E,FRANKLIN WR,GILLOTT TA,WOOD JM,PATERSON AW,RATTLE GJ,GROUT AR,BARTHOLOMEW AJ,BURNETT W,LUXON AD,FROST DA ,DODD W,LEDSON A,WRIGHT A ,COOPER TR,HOWLAND MW,CONWAY PJ,COULSON G,PIKE AE,LOWERY HH
DODD J,BANNER PR,SOYFOO AR ,SCALA J,GURUNG L,STURMEY R,NOYCE JK,ADAIR JA,TURNER MC,HYTCH DI,BARTON IWE ,SUNDERLAND JR,SEVERN AJ,Mac CANN J,O'NEILL BP,MARSHALL JA,WAINE D,COATES GW,GRAHAM WK,PURCELL N,LANE JP,HALFORD AR,McKAY LM,HICKMAN BW,OGDEN RD,STOATE LCM,WHITEMAN DRC,PITFIELD AD,BRAITHWAITE FJStG CBE,McKENZIE HG,JUDGES TR ,BRADLEY A,ROYAL AIR FORCE,ARUNDELL P ,SHELLEY KCF,JEFFREY K,HARDIMAN KC ,KEYS DG,SPEED JS,READMAN GB,RANA N
GRIFFIN MJ,HOBBS-WEBBER DN,BRAMALL WP,WARNES AG,KING SP,GURUNG B,PELL JD,SWALES JE,DANCY RD,STAFFORD LH,O BOYLE J,WAITE DP,SIMPSON G,BESSANT G,HEGARTY PJ,DOWNING RJ,HASTINGS I,EASTERBROOK M,JONES JA DFC,CHIPPERFIELD KM,MORRIS G,MARKLEY VJ,McMULLIN J,BRINKLOW BM,PIPE-WOLFERSTAN AH,WAKELING BJ,CROCKER RJ,GROOM AD DSO,WILKINS LR,ANTELLJG,MAHONEY J OBE MC,LONGFORD A BEM,LILLEYSTONE GE,CLAYTON AE,BROWN DH,TAYLOR MJ,FOX-STRANGWAYS THE HON CS,MASON D,TURK JE,CASLING BS,PRYN EJ
GRIFFIN MWR,HOOK CSCE,TAYLOR TG,KING PO,SCOTT T,JOYCE J,POLLARD MPH,TATE JW,NETHERWOODJ DFC,FORDYCE J,STEPHENSON GD CBE,POPPLETON D,SPENCER K,KEEN WE,DILLINGHAM RA,MELSON RP,MARVIN JH,SHERMAN JE,WILKINSON BV,BADCOCK F,MYERS JP,SHILTON R,SMITH J,BOTT GA,THOMPSON TR,HENSON PGP,HANSON DWH,HOLDSWORTH JO,1957,WINSTON CRP,MAYSON SIG,MEIKLEJOHN GD MBE,BAILLIE RG,CRONIN TP,HALL LG, ROBERTS C,HALL RE,RAI D,CLARKE MR,ROLFE JIT,BEMBRIDGE AG
HARRINGTON PW,DARBYSHIRE JC,FAIRBROTHER F,FISHER RW,PARKER D,TINKLER M,PURCELLAWV,BELL CP,PARK TR,SINGH S,KEELEY DJH,COATES JWB ,DAWSON AR,THOMAS DJ,HENSON FW,SHIPMAN JGE,TAYLOR AJC,MURRAY JS,ADAMS D,WALES CB,LAING WA,NURSER RS,BEAGLEY MT,FOLKARD NO,CHRISTIE SS,SOLMAN RG,MULLORD RJ,LACEY WM,ROYAL NAVY,RIGHTON RJ,MEADOWS JW,BULLOCK JR,TAYLOR WR,LOOMES JS,STEVENS BE,GURUNG C,PROCTOR JR,WALKER B,BATCHELOR BD,JONES LH,CARTER W
MeREAVY AG,JACKSON E,BROWN BA,JONES RE,TOWNSEND RM,ARCHER PJ,SHIMWELL M,SPINKS MS,McCLAY BK,WILSON R,COLLINGWOOD RA,SMITH PJ,TIPPETTS EH ,HELLEWELL A,HARKER K,FOSTER DJ,ABU SAMAH BIN DOL,LEE JM,BAINTON H,ROBINSON AJ,MERRICK GC,WILSON GVT,BEAUMONT R,SQUIRES KT,MORTON GA,YOUNG GFT,SHIPMAN JC,MURPHY LC,TAYLOR JB,BURKE MJ,MULLIGAN P,RYAN JT,SIDLOWER JG,MONTGOMERY TRG,HARTLEY H ,GAYLER J,ATKINSON PH,ROBERTSON R,PAXTON MJ,HOUGH DG,TREHERNE CC
GARRETT GP,HAMER TJ ,HAYCOCK C,SCOTT DJ,MOUNTFORD BJ,DURNING C,TATLOW KC,WHEELER LWG,SPENCE T,SMITH TA,GREEN PWD,BLUNDELL MC,HEATH BB,JOHNSON JF,BOREHAM GJ,HEYES K,RICKWOOD FH,MARSHALL VR,FORDHAM KJ,BELSEY EJZ,PERRY KW,ERRINGTON ER,BURNETT R,TOMLIN R,TROWBRIDGE DBC,STONE RAJ,EVANS KJ,SMITH D,DENTON-THOMPSON JG,GURUNG H,NICKELS VG,SENTER MM,MANTELL MK ,SANDERSON BAE,DELUCHI B,DALLEY PJL,CURL DW,RISSBROOK G ,TURNER JJ,MAYOUX DAP,CROSS RC
BRYANT P,WRIGHT AR,MEARS R,HARRISON RE,BUTLER KR,RAI G,MARSHALLJC,BARRACLOUGH R,EDMUNDS DG,PENDERGAST TJ,BUTTERWORTH DH,RICKELL TA ROLLES DH,BROCKLESBY GC,LEWIS H,MARTIN RC,PERCIVAL PH,ENGELBACH PS,WALZ JD,LEIGH PJ,HAILSTONE BW,PORTER GN,ROBINSON S,COCKIE J,EDWARDS G,DOW ANM,TUMILTY RJ,LEVITT RB,COOPER RCJ,BINGHAM PH,GAHAGAN G ,REES DA,NEAL J BRAIN R,MONRO S,MARREY J,CLARKE HWR,FORTE AJ,HANKS SL,BRAMPTON AE,HATCHER AVL,MILLINGTON P,GURUNG R
SMITH JJ,HADNUTT ND,QUIBELLJV,DEAN J,AZIE A,GARDNER FR,MITCHELL ED,CHADWICK BW,BISSET JS,RIDLEY JA,HOLLAND RH DFC ,WEST RF,WILLIAMS JE,BIDDLE RW.,THOMPSON J,PRIDDICE EE,LEPPARD WH,HARRYMAN LMP,WHITTAKER AJS,LOWSON RA,PROUDFOOT G,BOND BRU,FERRIE DR,McGUIRE P,GOODWIN WM,LARK JAB,MOORE KM,HUNTER JG,LAVENU WB SHORT JDE,REYNOLDS T,SYKES AH,WELLS E,WORSLEY WI,ANDERSON DR,McCARTHY DT,ROSS DJ,OLIVER MJ ,SMITH LH,STIRK A,BARNLEY PC,ELLIS PH
OTHMAN BIN AHMAD,CASS FD HUNT RL,ACHOLA J,ADAM RAW,PLAICHE D,GILBERT JD,HOYLE JL,DODGE MD,MASON B,SUFFERN WR,VERBEKE CRAV,FAW CETT C,WILLIAMS ICJ,MILLS T,SMITH HT,RAI R,WRIGHT MJ,WICKING AW,EVANS IH,POULTON MJ,FORTEY RL,MUMFORD CJG MC,GERRARD HG,THOMPSON TR,LAWS HT,COX RE,DIGHT KCS,MONULTY KJ,SIMMONS DE CHAMBERS PH,NEILL DCB,TETLEY LJ,SUNWAR M,SWAN W,GARRATT DC,MILNE B,WALSH T,EDGECUMBE VW,HILL BL,MIENES K,BOUTTELL WAS,STEVENS JR
STACEY DB,LAWES D,RAI P,FRANCIS FJ,RANA T,MORGAN TP,SHORT M,GRINHAM NF,PHILIPS PD,PINN LJ ADDY AR,PALMER NG,JONES DN,AUSTIN EA,STANSBIE MH,GURUNG A,PERRY RC,SWALLOW RR,HONOUR HS,BERRYSTONE R,ARMITAGE RM,RUSSELL CS,STEVENSON JT,GOSLING CJ,LANGSTAFF H,CHILLINGWORTH PJ,JONES DT,YOUNG KA DEC,DAVIS AD,McQUAID BT,HEALY GPJ,KING N,BOYD RG,HAYES RW ,HEAD JGJ,1958,KELLY GAM,TAMANG L,BELLAMY KW,ORDIDGE D,BOWATERS DFC AFC,MARLAND JA
WILLIAMS MG,McWHIRTER J,LIMBU J,TORPEY JP,HANDS AP,THAPA D,WEBBER MH,MacLAREN WR,WATSON WK DFC,HEY RD,GARDNER GHW,CAMERON JA,GARDNER ME,THAPA B,HOLLIS E,RANA M,BARTLETT SAG,JARVIS RF,CRIVICICH FB,DICK LTM,GURUNG K,BEVAN BJ,GRAY I,NEWSOME R,WARD B,RANDAY SN,VEALE DJ,MITCHELL P,EVANS DG,STORER R,ROUTLEDGE PG,CLOGG MDS,HOWDLET S,JACQUES FWR,ROYAL NAVY,YOUNG CB,SHAW B,MALL M,FRAMPTON DW,DANCY DHGN DFC,ROBINSON D
JONES PE,RICHARDSON JN,CANN DA,MCAULEY WE,FINLOW SH,HOWIE WTF,FRENCH PH,ROWLANDS AJ,WILSON JM,MARSDEN JKG,HASLER CJ,MACEY B PERKS G,HOLMES AT.,GALVIN AJ,BATES AM ,CLIFTON J,HOLLANDS NV,JONES I,DISLEY D,SMITH JP,BROWN M,HILL HG,GRAY WA.,ROBERTS GL,FRANCIS E,ELLENS JGJ,KIMBER HJ,WHURR MN,HAYNES PM,SHARPE WJ,DAVIES DP,KEEBLE RL,MANUEL G,CREWDSON JR,VERES EL,YOUNG GM ,PULMAN LC,ROBERTSON JR,PHILCOX ML,JONES MAC,JONES NC
FISHER RE,ARMY,GRIGG RE ,McALLISTER M ,PRING P,WYATT ET,JACKSON PB,WATKINS HC,LONGDEN DR.,TAYLOR KW,HAYES G,SCOTT RDD,HOLWELL MN,HART GNB,McFAULL RS,ROWLANDS DG,HUNT AL,OVERTON GW,HARKCOM KG,HAKESLEY DG,CARLING R,GROVES RG,HAWKER JA,EGGLETON NG,HARGREAVES E,ALLBERRY BFJ,MAGUIRE TJ,O BRIEN JJ,JOHNSON PT,MARRIOTT PW,McDONALD B,HILL G,WALKER JAD,TURNBULL DB ,WARD RS,CORSTORPHINE AC,LLOYD RW,HUMPHREYS DJ MM,GREEN OD,MARSHALL P,TALBOT JH
TOWLE A ,TILLMAN JW,FITZGERALD JM,POWELL B VAUX JB.,TAYLOR EE,MASSETT M,SAVAGE DC DFC& Bar,CHILTON PR,KELLY SE,CARTHEW GM,NEWNHAM BG,MARGOLIOUTH JM,McHAFFIE PAT,FLETCHER D,YOUNG A,HAMILTON WR,KING A,WALTERS RW,HERBERT M,JOHNSON EL,ROONEY JN,FOSTER JA,HAYLOCK KR,FARLEY PG,COULTER D,BARBOUR AM,SHARMAN PG,O HARE T,SUTHERLAND A,SUNTER JM,BALLJE,DUTTON PRB,BOWERS DA,CROCKER HW,STOREY TN  ,LEATHER AP,READMAN D,LIMBU K,BROWN AM MM,MOORE AC,BENNETT PS
1954,O FLYNN PC,RAYBOULD H,HILL W,CONSTANTINE S,MASON EM,FERNIHOUGH AH DFC AFC,HEYES TV DFC,WHITWORTH DL,MARLAND GE ,VICKERS DD,HUBBARD RGA,STEADMAN KF,WARD TE,ARNETT SE ,JOHNSON DJ,NORTH AW,WELLER GV,MAITLAND JJW,NICHOLS GM,SUTHERLAND J,JEFFRIES K,HINDLE MJ,HELLIER FE,GILES DV,BLY PJ,COOK LJ,COE LA,TURNER GS,BROWN P,WILLIAMS J,WALSH WI,CHADWICK WC ,FORD WC,CHIVERS EJ,AVERS FG,ATKINSON KG,BIRNIE L,COOMBES MW,OWEN EL,NUGENT JCP
ROYAL NAVY,SMITH P,BURNHILL WR,SMELT G,SMITH BD:,MOON FJ,GRICE KW,HUMPHREYS E,GAUNTLETT EJG,COOPER RJ,VOLANTHEN R,WINFIELD MW ,URWIN B,McNEILL D ,BARTON EC,KETCHEN PG,PARRY JG,JENKINS WCB,MURRAY J-,WILSON BM,SMITH LWJ,SMITH DK,KYNQCH BAG,COULTER PC,BOWLER DH,BRACEWELL J,HOLLINGSWORTH RA,EAMES EJ AFC,TORRENS-BURTON IA,CROSSMAN FG,GURUNG S,JAMES D,HALL AE AFC,THOMAS B ,GREER RJ,FINDLAY J,KIRBY R,CRACKNELL M,BREAKWELL JE,SIXSMITH JE,YORK PJ
Mc CLINTON JH,WEST G,OKECHE,HOWELL AE,CURTIS P,GODDARD JE,KING JG,COUTTS PR,HARDAKER RJ,EDGELEY KR,WHITEHOUSE G ,SALE F,BURGOYNE RW,WHITE AE,KEOGH T,LAVENTURE DH,JEFFERY AJ,SUTTON JR,WILSON WAM,BREWER PS,COOPER WP,RAI M,McRUVIE G,CROWHURST PW,ROBERTS GR,BROWN D,LANGHAM JC,GAMBLE AE,SPENCER TR,TULL CL,HUGHES L  ,LONGMAN WJ,TOWERSEY BW ,PARSONS RL,NEVILLE JB,STONE S,HAMMOND RG,NAYLOR D,PHILLIPS PN,STEWART J,LAMONT IB
FINDLAY M,TUFFLEY M,MACHIN T ,WILKINSON A,BARRACLOUGH GA,JONES JE,MOORE RA,HUGGINS MN,ERSKINE MC,CHALMERS D , HARRISON JM,TEAGUE MI,GOULDING G,GRANT J,CURD WA,MORUM JB,WRIGHT JS,CHARLES KM,WOODROFFE AN,MASSEE EEJ,CHAMBERS CE,COLEMAN F,RITSON JR,LEWIS CT,ROBINSON WG,BURKE CC,COLTMAN JV,STROUD JGW,HUNT RC,FREEMAN PJ,ROBERTS JK,TOWNEND DE ,JONES DN,LINCOLN JD ,LEIGH TML ,ALLCOCK HM,JESSOP RV,MOHAN JP,ROUGH WP,GUY A,RUSHIN KW
TERRY LH,NUNN CB ,TAYLOR D,ANDREWS WR,ALLEN JD,CARRICK C,ROBINSON A AFM,PINDER RW,PARKER VM,WALTERS LC,MACKERVOY BP,GODDEN TM,CAMPBELL A ,GURUNG S,CAMERON JA,MASTERMAN PW,KIRKHAM KJ,ROLFE PM,TASNEY GH AFC,HAWARDJR,REYNOLDS KJ,BENN WVE,SIMPSON IM,NOBLE PJ,TOLLEY EE,BUTCHART SH,MUNROE JPJ,PEARSON C,MAGGS ML,GODSELL AFJ ,BULLOCK D,BRYANS A,LEVETT AG,THICKBROOM DS,STANSFIELD JBA,HART EW,COLLIER FL ,TAYLOR RJ,CROCKER BW  ,BOADEN T,SYMONDS PJ
JENNINGS F,COOPERA,PROCTOR DW,TIMMINS TW  ,ALE D,WOODHOUSE ED,WRIGHTJ DFC,CHEESLEY GE,RICKETTS GB,FIELD ROF,WHITBREAD AG,WATSON LP,MORCOM M,ALLMARK GE,CLARKE CR,KELLY JET,EDMONDS EH,SKILLERN TH,MCLENNAN J,WYATT JS,DYE J,GALBRAITH IM,WOODS WEVG,CULKIN JA,MERRETT FJ,CARLTON PR,MUSSETT EJ,CROCKER SL,JARVIE W,HEMBLING MC,BANNON WJ ,CUNNIFE FD ,HART RE BEM,WHITTLE HI,WRIGHT EJ,CHAMBERS PB MC,BALDRY G,BOYLE J,STEVENS WH,SCAIFE A,SPEARING DJF
NASH JE,DIXON CJW,RAI K,CLOVER PRA,SMITH GM,LAING A,JACOMB-HOOD AJ DEC,CLARKE MW,HAYWARD MGC,McTAVISH RS,BURGESS TJ,LOW AHG,MOXON CJ,WILLIAMS E ,HAWKINS RG,LIDDLE RH,HARTNOLL TJ,PRIEST JG,ROGERS BL,BARKWAY RC,PORTER WJ,MACKISON WM,WRIGHT WG,SWEETZER JW,ROBERTS E,COLLIER JD,CAMPBELL WS,WEBBER DJ,HARRISON WG,KIDDELL RG,HODGSON EF,WALTERS BP,PICKERING GA ,JONES RE,MACKINTOSH AL,SWIFT PJ,POULTON H,WHITE GK.,TETROE JH,CROOK SE,DOCKER PR
BRAZENOR JE,PYPER RW,HARVEY R,DICKSON T,SUNWARK:,KNAPPER T,MAULDEN JR,HERBERT LJL,HORSKY J,HOWARD TE,KEMSHALL RA,MORSE WH,LAWES GG,BLYTH JD,MEYRICK G,DE-ROHAN HO,SEAMAN FWW,GRANTJR,THOMPSON D,CAPPS GH,QUINN IM,SWAIN BD,KENNEDY DW,HAY A,STUDD P,COX JR,HUMPHREY MJ,HAYES DTF ,CASEY GCN,MOORE TA,HARKER C,RANA D,HAILWOOD S ,ARSHAD BIN MASSIM,ALLENGAME PJK,GRAY A ,RENWICK GN,BUTTON MI,ALCOCK PS,THORPE FL,TILNEY RAC
TALLON TA,THOMPSON JR,FELTOE CF ,MIDDLETON BAC,GOREJC,ALLEN F,OSBORNE AE,LEACH PC,MORGAN AGH,NOEL JEB,CLARE WA DFC ,FLETCHER W,WILLIAMS M,SMITH A ,CLIFFORD I,BAILEY BD,FLOYD M,ROLLS MG,SELLERS HK,SPINKTE,SHARPE AE,CRISELL RA,DUNBAR A,NEIL JD,WELLMAN JE,CRAIGIE GA,EDWARDS TGM,ARMSTRONG C,SMITH PR,ALLEN DE,McCALLUM R,PONTON TW,BRADBURY G,BEAUMONT R,GIBBS AE,McNIFF MD,SMITH DJ MC,WARD JAR,BENNETT AJ,LO N   ,GRAY B
DUNCAN RT:,WARREN RH,ANDREWS F,REED P,REDDINGTON HT,WATERSON JH,PATTISON DB,RANKIN J,POLTON K,ASTON EP ,LEITCH P,GOULD ATB,FARRELL J,MARTINDALE G,CAREW IJF,SCOTT N,LINGE S,SMITH MJ,WILSON AGS,BRINDLE KJ,HATFIELD C,OWENJ,OAKLEY P,WILSON GCE,LAURENCE CCW,DRURY-LOWE T,MATTHEWS IE,CAMPBELL JA,THOMPSON A,MUTCH CK,SMITH DWR,DUCKETT FR,DALY CRS OBE ,MERSHAM LT ,MEYRICK TW,CREED DJ,SWALES R,SWINDELLS D MM,PITHEY N,VICKERS RT,MORLEY RH
TAYLOR RD,CHADWICK JG,ATKINSON R,RAI K,WHITAKER A,SUTHERLAND WG,WILSON ML,RYAN E,BOWDLER EJ,MARSHALL AB,MEREDITH A,WARD CTH,HANION MJ,DUNMALL WR,TUCKER RM,ALE P,COOPER DJ.,OWEN LT,WILLIAMS EH,PALMER BL,SHEFFIELD GW,KEIGHTLEY CN,SMITH J,DAVIES R,MUNSON R,DUMBILL TG,NICOLETTI A,FINDING G,PUXTY TRW,NORCROSS RE,ADAMS KF,EASTMAN FT  ,DIXON MR,BRETT DJ,KAY EJ,TUSTIN TG,JONES BB,BURTON HE,BLACKWELL DG,TURNER H,BROWN J
HUGHES WP,WILLARD PC,RUTTER H,FRENCH TG,CARRUTHERS WG,DAVIS GS,ATHERTON S,DRABBLE H,BRIGGS L,HILL JN,RICE ST,SHAW WJ ,McTAGGART MS,LEETON D,COLLINS J,CALLAGHAN PM,WARDELL AR,PRICE CG,LEWIS EGR,BENSLEY J,BOARDMAN HF,BANKS R,CAMPBELL G,JEPSON WHH,STEDMAN BF,EDWARDS JA,GALLOWAY JMW,FOX R,BURT BW,RATHBURN C,BOWEN A,MARSDEN JW,CUMMINGS G,COX JJ,PRYNNE JMF,KENNEDY JJ,REID GF,TURNER E ,FOSTER DJ,1959,WILSON JM
EMERY RV,AXELBURG EE,DOBB DJ ,O CALLAGHAN DJ,KELLY G,NORTON AJ,GOODWIN JC,JACKSON PB,CARTER RH,CARPENTER DR,ROBINSON TJL,LAVENDER CJ DSC,DAVIDSON J,BROOKE-SMITH C,CROCKER PJ,MORRIS NS,CROUCH JC,SPEED R,STENNER HA,FLOWER PG,DRIVER AA,PERKS WJ,JONES RFD,READ CV,DURNALL S,FAWCETT JSE,REICE CV,HONEY E,TOWNEND A,BARRIE A,RICHARDS K,CASTLE JAT,CLEMENSON PC ,JONES PR,ANSELL M,JESSOP PB,ORCHARD WTO,SUNWAR A, WALKER CH,ROYAL NAVY,JOHNSTON WHF
DIXON BM,BOND CW,WADE F,HOWSE F,SIDEBOTTOM GW,RUDDY K,CLAMP GW,CASPELL PS,GREEDY CJW,JACK M,SHOLL RHJ,ROBERTS T,MARTIN EG,LITTLE DA,GOMAN CR,ROYAL AIR FORCE,JAMES DB DEM,WATKINSON AM,TUCKER PJB,MITCHELLJM,HICKMAN AHG,COOPER CJ,MARSELLE WRJ,SHANNON P.,SHEPPARD DV,FITZPATRICK JL,ALSTON MR,LYNN BE,LLEWELLYN RK,FOXTON B,COLLINS IR,HOLLANDS BV,MARSHALL WE,KIRKUP DJ,JAKEMAN JK,HAYCOCK J,SUTTON PGF MC,RAI K,BAIRD PC,COLLINS JM,JONES I
GRAY E,ROBINSON PV,AMOR AE,WOOD G,TIMM JC,GAYLER R,JOHNSTON G,WHITESIDE EJ,HEMY WP,EDWARDS HF DFC.,THORNE HE,KING A,ROTHWELLJC,POTTINGER GW,HUMPHERSON J,HYLTON S,SEWELL KJ AFC DEM,MITCHELL JH,ARNOLDA PD,MANSON WIK,RANDLE TH,HURVED BK,SMITH WJ,SMALE LA,THAPA S,FLEMING MJ,HALL VD,NOBLE RM,SWAYNE WPH,THAPA M  ,GRAY DS,STEWART IB,BAKER MJ,HARPER MRR,MARTIN PM,POULTNEY RK,KINSELLA DD,FRASER DE,FULFORD ME,WHINCUP IM,MOLLOY JJQ
EVANS DB,ANNDARS JG,ALLISON DO,BENNEY FH,TAYLOR AC,MAWSON G,KENNELL MJ,ATKINSON JK,HILLS JM,CARTNER J,EDWARDS DG,ROUTLEDGE JN,MATHER MR,BOOKER TE,GREEN D,KENWORTHY AT,THOMAS MD,CHERRY LH DFC AFC,HAYES G,WHITE JGN,THAPA P,STEWART J,SUMMERS G,HULLAND AR MBE,BARNETT D,FLEMING WW,BLACKMORE LB,RISHTON G,KELLY DPW,BALDWIN AP,PAUL WMB,ATKIN MA,BLAKEY TE,JACKSON ARG MBE AFC,HEDGES AF,TILLING S,THOMSON CJ ,MULADY TDG,O'REILLY PJ,CARNE RFP,McEVOY S
AGNEW AM,GOULDING GJ,WARRENER MA,DYE GLT.,BROWN A,PEARS JB,KIRKLAND RA,BEESLEY WJ DFM,THOMPSON J,SHEARMAN GE,MAXWELL F,MERCER JD,BLACKBURN D,HULLEY AW,WATSON J,SMITH DFJ AFM,ARMSTRONG H,MOHAMAD BIN AWANG TEH,KELLETT J,STUBLEY W,HOWARD DCE,BRIDGER RR,HUGHES D,BROWN J,DOHERTY B,GEORGE HF,SHAW R,SMITH RV,MAGUIRE FG,BALDWIN NE:,HARPER RM,SCOTT GD,CORDEN MJ,TAYLOR RV,FERGUSON WAM DSC,WOOTON KD,HALL RD,LEITCH RB,FOSTER AM,DOUGLASS DI,SAVORY E
BERRY DI,MOFFAT JR,MASON JB,BOREHAM WJM,DAVIES JA,BROADLEY R,NOBLE BW,OWEN MWH,WILLIAMS RDM,DERWIN PJ,FAUCETT AL,FOSTER DJ ,BASTIN WJ,CLAY R,PEDLEY NC,WILLS JW,BOME CR,WILLIS WE,PETTITT J,SANDISON RE,ROWLEY MTH,WARREN JW,LEIPER JS,WOOD FN,PULFORD RC,HAMPSON R,EVANS KEP,CURRY E,EYNON JP,BEATTIE R,LUCKING DJ,GIBBINS JJ E,ELSEGOOD CJ,BOYATT BT,MOORE MA,DAVIES J,PINHORN AJ,HACKER AJ,STOREY LEB,WILSON IF,FITZPATRICK RA
ANDERSON RB,LAWSON R ,MOUSSA SAID JAFFA,MANNIFIELD J ,STOKES H,GRINDLEY DWE,PASSMORE AK DFC & Bar,ROBINSON RJ,MURPHY DJ DFC,ROBINSON RJ,1955,ARMY,LANCHBURY JE,MacINNES N,CAUNT GR,BOARD G,QUAIFE GH,BRADLEY EF,JONKLAAS ML,MADAN PL,EVANS AHB,GIBBONS E,BARRATT FV,BLOWER WB,BANKS M,HARRIS ER,ORMAN K,NORTHEN J,CREAGH-OSBORNE E,BECK G,RILEY RJ,HINES T,CROUCHER GR ,GREENHALGH R,REGNART HJ,TURVEY BE,KEATING D,BALE AF,JUDE RA,MADELL AC,RICHARDSON R
TOMLINSON EP,MUNSTER T,GRIFFIN PA,BUCKLEY PR,WHITE RS,CLARE TN,WILLIAMS RN DEC DEM,WAIGHT M,ELKS HL,WESTROPE CJ,ROYAL NAVY,BOSWELLJD,SLACK CE,GURUNG T,DAVIES JM B,CATHCART IO,BARROW -BENTLEY PF,BREAKSPEAR RJ,MILNE G,JACKSON MIH,BRASINGTON CCG,HARPER JG,ALLOTT S,HICKEY A,HUDSON R,HODSON SA,DEARN PW,DAVIES AC,WEBBG,BELL NW,BRODIE H,KENNEDY W,GILBERT NEH,POUND R,MILES RE,HYDE ME,LOFTHOUSE W,LIVINGSTONE P,EVANS S ,MILNE MDG,CHRISTIE W
YOUNG IN,WILLOUGHBY D,LUGG KC,GIGGS RF,YOZEFU,THRIFT SH,LEWIS I,MOTTRAM JC DFM,GATES RTF DFC AFC,BAWLEY WE,ALLONBY D,GRAHAM JR,HENSLEY KA,DEMELLWEEK-POOLEY RG,DURHAM DJ,COOPER LW,BURROWS AA,JACKSON KH,KOPECEK VJ,JEFFERY AW,GURUNG P,BOYD W,HOBSON F,KERR WI,MATHEWS BR,HOLLIDAY JM,HALE PJ,RICHMOND C,MULLIGAN B,BUTLER A,TWOHIGG JP, BINMORE CM,GORST WH,TUCKER JJA,GOODWIN MH,SMITH D,KIRBYJH,ROYAL AIR FORCE,ELLIOTT JE,PHILLIPS GC,BELLINGHAM AH
CURAS- THOMPSON FK,COMMON LL,COLLINS N,McCLURG WJ,LAVERS NG.,HOPE D,RATHBONE PM,STRATTON WE,INGLESON JJ,DOUGLAS WE,YIP KAU,SCARFE MS,MIDDLETON-STEWART CJ,NODDER CD,EVANS J,DAVIES H,SHELCOTT DL,WILLIAMS CWM,GOLDSMITH MC,KELSO WL,HAZELL MA,McGOVERN GJ,RAI B,BISSET J,WAKEFIELD M,KEATING FRJ,COX B,COULSTON RT ,SEED PD,BROOKE EG ,GURUNG M,THOMPSON DT,JONES TA,GREEN NF,HICKS DW,CAMERON WN   ,MORRISON DD,EMSDEN NNS,ROCKETT EC,SANDERS MA,FARRINGTON J
GARSTON -JONES JPD,COX DB,NICHOLES DRB,STANTONJD I,BRETT DW,BENNETT DW,SHELLEY JA,BRIGGS JD,KING J,HICKMAN JA,BAXTER DG,EASTHAM C,BYRNEJH,SADLER H,GIBSON J,FISHER GE,BROWN CAM,HARVEY W,DINSMORE JN,MEREDITH GJ,ARMSTRONG D,WILCOCK W,RANA B,BAYNE-WHYTE D,WALTERS MS,KENYON G,FAITHFULLJ,WOJCIECHOWSKI M,MARTIN WG,CLARKE VB,MOORE W,MEAD J,OWEN WJ,RATCLIFFE GAM,SPAGNOL PPC,THOMPSON VAA,HOLT N,STASTNY KAFM,STEVENSON W,BUSHE CR,SMILES GA
KEANES DSC,HAMNETT T,ROBERSTON JP ,GIBBS DW,HANNIGAN M,FINCH DE ,PULLMAN AO DEC,WALKER D,OLIVER P,GRABHAM CA ,EWING WST,KERLEY JJ ,TURNER JJ,FLEMING AW,MORRIS RW,GOODWINJT,GOLDING AM,CRUMP RI AFC,KYTE DH,TANNER HG,LEPCHA K,BROOKS AR,PURVES JA,GOODALL GW,BRAY TC,McKAY JJ,McMANUS JMG,HEARMON AD,NICOLLJS,GOLDSTRAW W,HAMILTON G,BROWN JF,ROBINSON D,WOOD GAJ DFC AFC,WARBURTON RJJ,MILSOM WR,RIDINGS R,WALLACE JT AFC,TESTER JNA,CRAIG TM,SUTTEY JJD
HARDING ED,KAYONGWE GF,ELLIOTT RW,WOODWARD RGE,LEYLAND G .,FITCHETT PJ,BETTS NW,VICKERS RL,WYCHE PC,DONNELLY WG,SCORER G,RICHARDS SR,WOOD CL,HUGHES JA,INGRAM SA,HORROCKS N,JENKINS ST,HART JT,CROUCH T,DAVIES R,YATES C,ASHE J,SMITH AT,BOWERS VC,MOORHOUSE AG,MILLAR D,MULHOLLAND AG,HARCOURT CM ,LIPSCOMB NJ,GUNION JO,BIGGSJH,MOORE JPT,ROSE HARVEY R,WALKER AR,HALFORD JL BEM ,WAKELEY D ,MURPHY J ,CORY FC,WATKINSON OC,FORREST JM,ROGERSON PB
ABBOTTS WJ ,PERRY J,FLANAGAN JG,• BOOTH W,LIMBUD,SUNWAR N,EDLUND PL,QUIRK HE,DART GW,JENKINS JEA,CAWOOD F AFC,WYNDHAM JB,GOLDIE D,LIMBU N,RAI J,MALE D,MOFFAT DH,KING LN,COOKE FC DFC & Bar,CRAVEN RE,GOULD R,HOBBS GL,BUFTON JR,BRYANT J,PINKERTON D MC,NURSE MJ,VISSER WR,LARKIN JM,SULLIVAN J,HALLAM E,CLARK MH,SMITH MJ,SPOEL JLA,MELDRUM JAP,HALL JHS,MALEKIN E PENNELL RE,MacIVER D ,HEYWOOD BB,SLOANE FO,HOWARD PJ,GOODMAN R
HOLMES GL,TILLEY JDRJ,LIMBU H,GARDINER DC,PATTERSON NBB,BAIRD CC,FRY FE,SCOTNEY RB,BROWN DB,WEIR SE,JONES CEG,ROBERTS IS,THOMAS AG,AINSLEY JR,HAMPSON A,MOLYNEUX G,BOWLER JE,ALLEN AG,HYDEN P,HOLTHUSEN JNL,RAI C,RUST JFL,BROOKES AH,COATES JE,WALKER AG,PARKER D,TURNER PAV,HANNATH TR,HANNINGTON D,HUGHES J,WEECH GA,PHILLIPS T.,THORLEY R,ELFORD DR,BALDWIN D,SHINE P,VANDERMARK RA,KIRKPATRICK BC,MOORE GK,DENTON-DAVIES E,PIERCY WA
IRVINE GWH,ARTHURS J,KRUSZEWSKI Z,BICKLEY CH,RAI P,UREN BJ,HENDERSON JD,WALKER JR,FISHER DJS,DAVIES GHE,MANWARING P,EVANS GR,KING HJ,HALLIWELL E,STOTT DM,MORGAN EJ,CLIFT NRP,CHALK ER AFC,HAUSER GO,HALL CJ,WELSH BDG,HARGREAVES EW,DRUMMOND DA,JONES B,WELLS SWJ,PATERSON AJ,JONES B,TATLOCK JHT,ARMY,JACKLIN AKD,ROTHWELL DA,JACK D,WILCOX RG,CRADDOCK CR,HOWARTH A ,CONNELL AR,HEWITT FM,LAWRENCE AE,EDWARDS PB,GLEADOWE RY,ATKINSON J
GIFFIN AW,MOORE WJ,NEEDHAM DE,RILEY G,TAMANG G,BLACK R,HENNELLJH,HANCOCK GN CBE,CAINS DTH,RHODES JF ,METCALFE JG,SILVERWOOD A,READ DE ,GURUNG B,BAKER KJ,RAE MC,RUSSELL RJ,CORKIN TS,MELL DW,DENNIS DHA,GEBBIE W,ATTENBOROUGH JT,TAMANG S,LEWIS WE,JONES FM,PRATCHETT BC,FUSCO AGS,McKINLEY AE,BARSON AD,JEWELL RJ,BURGIN B,FRENCH GE,WOODHOUSE GM,THOMPSON IF,WHITHAM DG,FOREMAN GG,BELL WR,OLSON FA,THORPE DR,REVILLJE,BIRBECK T
HAMER DTW,WALKER JA, YOUNG A ,DAVENPORT SH,SYMINGTON J,DAVIES GR,RADDON PFJ,BRIMLEY KW,FISHER JF,DENCH EA,CARTER B,BLYTH FJ,ROBERTS R,BARKER D  ,MACEY PJ,RICHARDS KG,LEONARD WS,LYONS AR,YEOMANS ARJ,DUDHILLL,GURUNG T,HARROW AV,DAVIS AC,SMITH ABJ,HINSLEY CH,PYE M,KINCHIN L,SHEEHAN AE,POLLITT JL WINYARD A,JOHNSON RG,INGLIS WA,GILLETT E,ZARECKY J,DRAPER EW,BOSTOCK HS,MCINTOSH SD  ,BURNESS R,WILLIAMS JM,HOLMES KO ,NEEDLE GT,HOYLE FL
MOSS RA,WILSON FW,GAMMON C,WEBB PE,WATSON E,WEBB AAM,RAWLINSON WL,HORN GK,GIPSON RT,GREEN JHH,ELLIOTT KJ,HUGHES GO,CAVERS AL,NEWAR I,LEATHER EP,RIDGERS RE,GRANT MJC,SCOTT EH,WOODWARD WG,FOWLER MJ,NEWBOLD AE,HEBB KM,PERSAUD DN,MORRIS DA,HAWKINS TM,ROBERTS TK,SUTTON AS,BANYARD KW,McNICOL-MONCUR WT,LIDDIARD P,MORAN GP,MOODY CA,HARTLEY NI,COSENS PAS ,GRAHAM J,CLARKE IM,SMITH R,KAYE AJ,KENNEY DH,FOWLER P,GARDNER K
HUTCHISON MA,BATTY W,PALMER AV,RAIS,WATTS AP,FITZPATRICK P,SKINNER D,MILLINGTON JS DFC,BAXTER ES,FOWLER HPS ,HOWE E TUCK LC,McCALLJH,SALTER IN,THAPA J,MULLINEUX KGM,ROGERS G,MCNAMARA PJ,WALKER MVW,BEART PA,FUDGE RJ,BOWMAN RN,ARGYLE JT,HADFIELD G,PONSONBY G,HARRIS WEM,SPENCE JW,THACKER RG,COLLINS LI,RICHARDS HW,MacROW AR,TUFFEE GJ,JONES RG,RICHES RD,GARLICK T,HAMON AG,PETERSON MS,GOODE AG,BURROUGHS SLJ,LEWIS GR,GLASS PB,WALKER JRE
EASON PG,BROWN PS,PAYNTER G,JONES GE,REEVES JRD,ROACH PH,SLOAN CHP,POWELL TO,JACK J,PERSAD S,BEERS PL,OGDEN GN,COLLEY CR,THAPA P,SCHEURMIER IH,SCOTT CW,SMITH AG,SCOTT PE,HALL EF,GOODFELLOW CE,WADEL DCM,JACKSON P,HOGAN N,O CARROLL M,BURA M,SPENCER JA,BIRCHFIELD FEW OBE AFC,SMITHERS J,BYRDE HE,McHUGH JP,BARNARD TN,LIMBU T,TURNER LOS,GAYMER RG,,STREFFORD EJ,HUDSON R,BESSANT DB,HANSON C,WEBSTER JN,HARDIE D
MacDOUGALD G,DULLAWAY FD,BRAYBROOKS DAJ,LAVENDER F,GOSLING FJ,HOPEGOOD CH,STEVENSON RJ,SHERBURN B,LUPTON JA,SALLEH BIN HASSAN,BATESON N,LAFFIN W ,CARLTON VP,WRIGHT MA,MILNE ARL,SWANN LR,MILNE S,ARNOLD AEA,FARROW MF,HOWARD D,WALKER SJG,CHIVERS RD,HAYWARD LG,NEELY M,BROWN R,STEVEN W,CHAMBERS B,RHODES MA ,EVANS JD,MUGRIDGE DJ,MacDONALD J ,COOK RH ,CROMARTY W,LAMBETH FR,MOSTYN CH,LITTLE JA,LANE JW,WILLIAMSON AP,BUNYAN EJ ,CHAPMAN DS,KEEPENCE REG
GRAHAM A BILES B,FORESTIER-WALKER AI MBE,GURUNG S,BEALES EG,HIGGINS DW,THAPA K,SMALLWOOD A ,AUSTIN PM,POOLE JM,ALEXANDER R AFC,KNIGHT JH ,STOCKTON A,CRIPPS CA,MALSOM RJ,SEATON DP,THOMPSON G,EDMONDS R,JAY DG,1956,MCCARTHY PW,HEWITT CK,ISBELLG,JOHNSON RH,BEATTIE JL,COLES J,TALBOT WG,De BOER PC,URQUHART-PULLEN GR,,PATTERSON R,MOORE WH MBE,BROUGHTON PR,CROOK MA,PAGE J,HAYWARD AJ ,ASHFIELD R,LIMBU D ,MALPAS DS,SIMPSON ED,MILLER RWH,WHITEHALLRA
MORRIS HA,RAI B,WALLACE HK,SHAILER P ,CHHETRI R,HARPER SD,TILLEY RJ,TALBOT JP,O'SHAUGHNESSY PW,COLEMAN DE,TOMKINS RJP,VINE WJ,SMITH RG,BEARD DC,DOWNES EHJ,WEBB BH,FULLERTON JC,BRAND GJ,ROYAL NAVY,PRICE BJ,RAI J,GILES EC,VAST S,FINCH MW,WITT WJ,WEARING RE,MANNERS GB,AUSTIN CE,,PARSONS SS ,BADBY ACE,COWLEY WE,THOMPSON JW,SIMPSON R,WOOD BC,REGAN PP,BUNTON RL,LOMAX F DEM,PARROTT RM ,FIRTH AHP,HALL S
KERR,TAMANG K,DOWNES R,CREIGHTON L,KENNY WJ,SINCLAIR WA OBE,BRIDGE MJ,BROWN VD,BIENIEK H,NORTH JBL,FOX PN,SHAW GH,ASKER CE,CATLEUGH DJ,GURUNG N,WOOD LW,GOULD JG AFC,SMITH R,WYATT PH,SHORT BJ,DOWNING FJ,RAYNER AB,SIMPSON A,DOE WR,ROYAL AIR FORCE,WELSH WJ,SHERLOCK PJ,RIPPINGALE GE,,SISSONS JC,PARKER DG ,STEPHENS AK,HOLLANDS RL,TURNER RAJ,WEBSTER J ,READIOFF FJ,UPHILL WV,ROSE WFA,TONKS JJ,WILD N,CAMPBELL TIR
,MINSHULL-FORD FC,BALA CO,McGOWAN LC ,McLEARY JA,PRYNNE R,MIALL RW,FISHER BR,FARRELL BB,RICHARDSON KA,FORBES M,CALDWELL ER,BENNETT AB,COOPER RH,YATES GC,WOODYER MJ,MOLDEN PR,KENDALL WC,HEAD RD DSC,UFTON EA,FEY AG,GRIFFITHS LP,STRINGER JH,MORGAN EB,JARVIS IGM,WILLIAMS KE,DENICE K,SMITH RF,,STONEBANKS R,HOLLIDAY JJ,SINCLAIR JW,MANSFIELD JHS,RICHES BR,CHESTER-LAWRENCE LEA,BODY R,GOULD J,STEBBINGS CE,HARPERP AFM,MEEK CA,GREENACRE TA
,PUN P,MORRELL DG,RAI B,GRAVES AG,ATKINS SD,LANG A,S CARRATT CT,McCONVILLE B,CARTWRIGHT J AFC,MOLLAND WGW,CREDLAND M ,BRUCE DC,DIX RG,VOSPER BE,RYAN AE,CULLEY AGR,MACLEOD KG,HAYES ML,BAWDEN J,WILLIAMS AL,GURUNG P MBE IDSM,DAY HD,ROBERTSON W,PARSONS HV,WILLIAMS R,CARSE B,MANSELL AA,,TRUSS BS,BENNER MP GC,HOOKER T,DAVIDSON RJ,RAUTENBACH EM,HARVEY BG,DARWIN RJA,SAVILLE WS,HIGGS R,WOODS,OGILVY IW,MARTINS AW
,WEST-WATSON WR MBE,RANA B,BARKER GF,BRUNTON ES,DANIELJER,LEWIS BJ,THORRAT TA,GREEN A,HOLLAND JW,,,MILLIGAN TC,WAIN PJ,SETON RN,MARTIN RU,MeENTEGART JR,DELUCE W,BURNS MH,NAYLOR CA,SILVER C,TRUSS DA,MASON HR,VILLAR JH,HUTTON G,WILSON JF,•MacLEOD IM,REDMAN AA,,WORSWICK N,PHILLIPS KE,FERMOR RD ,CARLIN K,MULLAN JJ,RUSSELLJD,COUPLAND B ,PETERS B,NUTHALL WF,ROTHWELL DN,ATKINS MH,POWELL JA
,THARBY H,BRADY C,PLYMPTON BWG,KEIGHRON M,MORRIS E,AINSLEY S,FAULKNER AF,HERBERT AH,BARWICK ES,,,HOLBROOK VJB,WILLIAMS I,GALLOWAY J,,PRICE DB,GRAYER RP,REID RJ,McCRINDLE DK,ASPREY WH,CULLEN G,MOORHOUSE A,BAYLIS FG,PLUMTREE JJ,WORTLEY G,MALEY J,BENTON KL,,DEBLEY R,GIBB OM,CULLING WT,SHUCKSMITH A,WALSH PW ,GREENING RT,MARSH KE,BARCLAY EMD,SCHOOLING BW,CALDECOTT WE AFC,,BLYTH GF
,,SUTHERNS DN,WATTON RC,ROBERTSON G,PARKINSON HB,LANDBECK BR,TARBOX CE,HORNE JD,WOODRUFF CJW,,,TINDLE R,CHARNOCK C,McGEOCH J,,PRICTOE RAD,BUCHAN GR ,,BEALE IL,PINNER AF,HANSLAR GA,NEWARI,CUTSFORTH WE,,YOUNG R,HASSAN BIN SHAFFIE,POWELL CW   ,,PEGG J,O GORMAN JJ,VAUGHAN WH,,WOODROFFE J. DSO DFC & Bar,,,WHITE J,,LAMPLOUGH JS,,ISAAC RNJ
,,HEARNEJ,FIELD PH,BROWN DE ,BAILEY RW,PRICE JM,BAYLIFFE GC,STEWART G,,,,HATCH PG OBE,McKINNON D,STEVENSON W,,BROWN RM,KENRICK PC,,CONNOLLY PJ,SMITH A.,BROOKS EJ,GRANT D,SMITH EP,,FOSTERS,LONGSTAFF CW,SELTH JAN,,LACEY HL MBE,BREHENY JSJ,WHITE A,,OSBORNE RA,,,DOWSON M,,PARSONS GT,,MURTIE JC
,,KNIGHT GF,,FAIR F,HARRISON RD,,MOORE C,,,,,TODD GA,ALLSOPP AHB,WOOD DSE,,HAWKES PJ,TOPHA PF,,ELLIOTT IG,,CLARK AG,THOMPSON MA,CHITTOCK RJ,,BRICE HJ,,WITHAM JH,,,LLOYD FM,DEAN RM,,ROBERTSON FO AFM,,,,,MORGAN CF,,CANNING J
,,VINCE WCB,,,,,WILKINSON JE,,,,,CARTER JA,WARMAN LJ,,,RATCLIFFE JE,,,,,,COLEMAN J,,,SPOKES J,,,,,STEPHAN-SMITH EP DFM,,,,,,,,,,