119,120,121,122,123,124,125,126,127,128,129,130,131,132,133,134
MERCHANT SG MC, HILLMAN T,  ROYAL NAVY, BORWICK A MC,THAPA H,                 ,RICHARDSON JF, ASPINALL A, HENESSY FN, FORMOY RD,McALLISTER A,BROWN DC, ROLLS G, LEECH RB, ROYAL AIR FORCE,HORNE PC
GARDNERJN,MITCHELL AGA,GARDNER MC,GURUNG P,KEMPSTON S, WOOD SW,ANDERSON GI,RAI C,SHARPEJ MBE,JENNINGS R,GREEN R,GOATHAM GA,KAIN DHA,SIDDELL A,GRIERSON RP,DUNHAM FB
GREIG H,BROWN AJS,MARSHALL DJ,CHHETRI N,RYAN MW,CHEYNEY HJ,ARMY,ROWORTH D,DENNISON RA,KIERANS G,RODAWAY F,GRAY J,DALLAS RGC,KNIGHT JP,HARRIS HF,MABBUTT RJ 
BICKERSTAFFE P,HARROP MJ,VARNEY AL,READ BJ,BEWSJH,BALL JJ,WARD MC,SINCLAIR JS.,OWENS EN,MacFARLANE WG,MOORE RN,MITCHELL AW,EDWARDS HT,BROWN B,MILLS S,ORGILL G
DIBBEN LS,ROUNCEFIELD PG,KEMSLEY AWG,EDMUNDS PM,WEBB RAT,HANNANT WL,BROWN FW,COBB MR,VOLKERS JFC,POWELL FS,ROBERTS PL,PACE AP,KERR JR,GORMAN KJ,ALMOND JCC,ELLIS G
NICHOLLAS,FERGUSSON G,MUNDAY JES,ALMOND L,NEWELL ET,JACKSON WH,WALSH L,RYCRAFT J,HATCH JL,GILLINGHAM GJ,WALTON E,SMITH DA,BLADES A,HEGGS GB,BROUGHTON P,HINDJTO
TREE MJ,OGILVIE PAM,HALLAM PGC,BOLES AJ,WALDRON J,KAYE ZW,YOUNGJOHNS D,WILLIAMS LP,NORTHALL JCP,ARMY,CUMMIN IL,BARNES DA,HODGE RW,SEWELL DG,PRICE ME,McCREA E
BLACKMAN DG,HAYES BW,WESTLAKE RWD,WEDDERBURN DMA,ROWLAND AK,LAKEMAN AJ,SPRAGUE CK,DOUGLAS RS,NICHOLLS DM,DAY WJ,BLANCHARD K,WEBBON JM,LANE MB,ADAMSON RT,DRINKWATER J,WILSON EWT
FORMBY DE ,DALY PdeB,HARDY RA,CURRAN RG,DUMMER CF,UTTON LSR,GALLAGHER MP,BAILEY WJ,GUNDRY-WHITE IM DFC,WALKER TK,GURUNG A,CARTER HW,ARMY,PEERS EH,BERRY D,DELANEY JM
CARTER AF,DRAY IWD,HILL CA,HORSHAM NJ,COX WR,WALKER B,POWELL RA,BRAMLEY K,HUGHES JM,HUNTON GH,HURCOMBE AJH,DOE TJ,BALDWIN GRJ,ALLEYNE JH,CRANE JD,HYDES R
GURUNG G,SCOTT JE,JOHNSON R,RING N,HOOD BJ,WHITE MB,BARTLETT TW,STOATE ABM,LANDER TJ,MILDENHALLTR,MEAKIN EW,OLIVER WIW,GRAINGER RR,GRAY L,MORLING MR,WILSON DM
TRAYLOR AM,WOODS WC,FRICKER VJ,MOWAT-MACONOCHIE ANMP,MUSTOE RA,WRIGHT AE,HILLMAN GB,ROBINSON J,GELDART J,CASTLE RA,LIMBU A,BRUNDLE JH,BANE JR,LETTIN F,PEARCE JE,JACKSON MJ
VICKERS PR,HANDA PN,CLARE HW,SOLOMON EJR,FARRIMOND N,CROUCH PC,McDOUGALL W,WIGHT RM,HARRIS MF,MOUSLEY S,VAUGHAN RH,CROCKER CG,MOORHEAD LM,JACKSON MW,MACKLEN AK,TERDRE GML
CARTER RS,HART EA,LOE RJ,AHIER BJ,RIDGE V,LEMON RM,OWENS RJ,NEILLJM MC,MORRIS JH,BOYCE J,JONES WI,MITCHELL R,O'SULLIVAN ME,GOWERJ,WILLIAMS HM,WHITE JP
RULE JH,PRESTON JE AFC,SMYTH AG,DEVENNY JM,ZERNY TMD,BRISTOW RS,FLOWERS WV,DONKIN F,YOUD NB,NORRY RK,TURNER D,OTTEWELL D,KERR G,BOWATER PG,PENN DW,ARNOLD DJ
LEWIS D,ATYEO M,HAMILTON SJ,RENTON G,COOKE BD,WILDING JBP,WHITTY PP,RICHARDS TF,RICHARDS DGA,POTTER DL,LINDSAY GW,ROSS CK,ELLIS TG,NEARY M,CHURCHILLJ,CASSAR SJS
MIDDLETON MA,DOBSON A,ROACH AJ,MORLEY J,McGREACHAN JS,WILKES MJ,WELLARD GWV,WALKER MG,SANDERS PB,ROXBURGH E,BOWLER MGJ,WATSON B,FINNEY JN,WAY R,GALBRAITH AD,DANN DA
HODGES MML,EYRE AB,SMITH GW,PEACOCK D,JACKSON RCF,BROWN BC,BASSETT GD,LOWRY JE,ARCHARD MEJ,MYERS PC,DALY MV,MARRIOTT FJ,FOSTER RA,McLEAN JDA,STRINGER A,McGRATH E 
THURSTON A ,JONES FM,PROCTER R,QUAIL IG,GARDINER SJ,GARWOOD RE,BRADLEY P,MOFFAT SS,MOORE RJ,GALLAGHER I,MANNS R,HOLLIDAY RJS,INCE JB,FENTON D,SANFORD TI ,GIBSON JI
WRIGHT CN,MILLARD AL,HAMILTON NJ,YOUNG NA,BRETT P,BULLEN HG,BREMNER TW,De GUELLE JE  ,GAIGER RA,PINCOTT T,JOHNSON T,HYDE BRP,PAGE A,HORSLEY-CURRY IM,VERNON EJ,WILLIAMS BJ
KINGSTON AJ,BLACKERY D,RIDGWAY CR,LAMB AR,O CONNOR JM,HOWARD WR,BIRD WE,GRIFFITHS JA MBE,FRANCIS RTS,DOOLEY FJ,ACKRES AA,THOMAS JF,DEERE JJ,RICHARDSON PR,WATSON AB,DEERING MA 
NEALE B,COUSINS HG,LEWINGTON G,ELLIS DN,McMURRUGH RC,IRESON AJ,LAWLESS B,DAVIS SJ,MACKEN F,ALBISTON JM,MALCOLM J,BLUNDY DH,BORELAND S,STEVENS IS,ADAM DG,STANGER M
INGLIS JR,ROGERS RP,GLEESON VW,BRASS JD,CAMPBELL N,JOHNSON RH,SMITH AT,FORRESTER CT,O'TOOLE JJ,BALLJ,PINK RE,KENWARD DR,JOHNSON GEHJ,PRICE RG,DENBY F,DICKSON JW 
TAM HK,MANNING DA,LUBY MJ,HENBEST PT.,POTTER KE,MILNER B,MUGFORD KJ,BOTWRIGHT FJ,GOUDIE GR,RADLEY SJ,WHITING A ,PLOCK CA,BARCLAY CM,BUTTERWORTH AJ,MARSHALL DE,DURRANT MJW
ANDERSON D,MCCONNELL IL,HEGAN WJ,McGREGOR JW,QUAYLE PJ,WICKHAM BJ,PARRY RGR MC,SHARKEY MVP,1962,GOULSON FJ DSO OBE,CAMPEY JC,BROWN FJ,ELLIS A,COOKE JP,BULL NA ,LAST BA
POWELL BS,MOULDING JW,HYNDS JW,GURUNG M,JENKINS RJ,PATMORE LR,BAKES JFH,HEWESON F,ROYAL NAVY,DRACO MJC,REAY JGA,CAMERON-SMITH CS,HARGREAVE D,SMITH A,EVANS G,FRAME RA
COLLEY A,JACQUES WS,POTTER DW,CAREY PJ,PADWICK EM,JARRETT F,BROWN APG,HAPA K,JENVEY JI,BROWN D,TURNBULLJ,CAMPBELLJ,SMITH JE,WALSH PH,DODSON APJ,PERKS PH 
DAWSON AT,RITCHIE DA,FLIGHT RJC,HILL FJW,THAPA B,DONNELLY C,RALPH TG,HILL RAF,LAMACRAFT PG,CALLANDER SM,KIMBER WCO,FLEMING D,HOWSEGO DE,LAWS RH,TAYLOR RM,ARMY
HOLROYD BT,HAUXWELL M,JACKSON BWG,MASSON JA,FELLOWS WH,COOKE LJ,HANSON JB,SITTON GM,CURRAN DJ,OWEN G,GURUNG D 754,JONES R,McDERMOTT J,WALLACE FH,VINER DRW,RAI G
MURRAY EG,SINCLAIR AH,PYKE JC,QUINN JP,POINTER TM,BAGULEY KW,ELSEY R,HILLS PH,DOCHERTY JP,PARKIN CJ,GURUNG D 162,MEW IP,TOMES PT,MacKINNON NO,WILLIAMS JL,RAI S
PHILLIPS DS,RATCLIFFE W,BIRD MJ,BOXALL W,McCANN JM,BAIRD JS,HAMILTON GP,O'GRADY DJ,ARMSTRONG JM,ENGLISH RW,HOLLAN JR,MARTIN JW,GETHING J,PERKINS DR,VAMPLEW SH,LIMBUD 033
WARD BE,HENRY JT,KELLY R,FLOOD RA,MILLER RA.,COE F,BEAUMONT JS,SMY BA,BARRON M.,LIMBU C,STEPHENS DE,COOKE NE,SPENCER WG,STUART IA,EWING GA ,LIMBU D 787
ADAMSON R,MULLIGAN AN,MAXTED RW,MARSHALL D,LOVE JMW,EVANS RE,SIMPSON WE,BUTLER TJ,HOFMANN GP,POWELL GW, YEO JA,COTTRIDGE JA,THOMAS JH,SHEARER A,WRENCH JB,WORTHINGTON J
BAILEY JK,BRINK JA,McKIRDY HD,LUKE GR,WILKINSON AG,GAM BLE EW,REYNOLDS AH,GURUNG M,McCONKEY MA,FAIRCHILD A,MC,HAYNES DF,DEARNLEY CR,LOWE GG,MINSHAW E,THIRLWELL JE
BURTON K,MAULE MJ,BARLOW-SMITH JS,BURTENSHAW L,LLOYD R,HENTHORN J,SMITH J,GURUNG R,PRICE NE:,GRANGER P,SAUNDERS KP,TOMES K,BRIERLEY RH,SPALDING HT,BLACKMORE DA,SHARKEY C
HALSTEAD KW,ROGERS DJ,LYNCH JH,COTTON AE,SWAIN KH,PIKE MF,PENLEY RD,RITSON AJ,PROYER PA,UPTON H,LEE WNJ,ENGLAND WID,BURNETT KDE,MAGINNIS SG,CHAPMANJR,MELDRUM SR
BAWDEN GWA,EMBLING JRA CBE DSO,EASTERBROOK AL,BELL GAB,BROWN ME,WEET AR,DYTHAM P,CORKETT F,JONES BT,CARTER JV,SMITH AG,OLDHAM D AFM,BURRELL J,HALL G,FAULKE DG,MIDDLETON PS
SWORD JR,ROBERTS A,NORRINGTON B,TURNER F,O'REGAN FJStJ,RAE AW,SLATER T,ROYAL AIR FORCE,ELLETSON JE,MATHERS AL,NICHOLSON FM,HEWITT RK CGM DEM,LEWIS R,WALSH EC,ROPER AD,THOMAS BL
CHENGBA T,HANNAFORD RJ DFC,CLAY TB,MARSHALL D,ROYAL AIR FORCE,DUNCAN JS AFC,THOMPSON R,DALTON LEF,JONES JRL,THAPA D,RAI N,BUTLER CC,WALLOND FJ,FULLER MR,ROSS JB,ALE U
McAULEY BC,MORGAN RJ,BLEACKLEY HE,MERRY K,DOUGLAS SLI,HILL VL,JACKSON A,SWAIN LRG,JONES G,WRIGHT DG,GAY J,RIDGWAY BM DSO DFC,DOWNIE CS,HOWIESON A,WRATHER RE,BUCHANAN CM
WHIPP R,STOCKMAN GB,CROAD NA,COOPER DC,HUDSON AR,KNIGHT JM,LOYE TH,MAGSON RH,CLARKE RGJ,OSWIN TR,ROYAL AIR FORCE,ROSTRON CM DFC & Bar,MITCHELL NG,RODEN PJ,STOCKWELL RH,HEGGIE SJH
DAY TJ,WILLIAMS LN,EDWARDS RJ,HALL JWN,MEGEE BJ,CAMM AE,BARNARD GP,ARON JL MBE,HALLETT AS,RYAN JV,ABRAHAM JE,CANFIELD RR,BOWERS JR,GIBB OG,KINGHAM R,RAI B 780
WARNER MJ,GRAHAM RD,BOND H,GROOMS VG,FRIEL JJ,JAMES FA,BOX ADJ,BRIDGEMAN RJ,EYNON DM-DAY MJ,TURNER DEW,CLARK DR,STOTT AH MBE,MURPHY MA,GURUNG C,GARSIDE A,McNAUGHTON EG
WALKER B,BUDD PR,MARJORIBANKS DC,TAYLOR B,FORDE TP MBE,PRATLEY JM,HOWITT AC,FURNESS HD,EYTON-JONES RH,HATCH MF,HULLAND JW,BLATCH RW,PHILPOTT JM,GURUNG D,HATTON J  ,WHEADON GW
MCALPINE R,HARDAKER JH,CARPENTER D,MOSS JVK,PEREIRA RE,SCOTT WA,KING AC,HESELTINE C MBE,SCOTT DG,BARCLAY AA,LEAR RWM,McCANN JP,CONINGTON JF,MEECHAN TC,McGOUGH WJ,POTTS MJ
RAI T,BROOKSBANK CST,BRISTOWE MD,McKECHNIE JB,DONALD A,SMITH CE,SMITH FE,MILLER BH,GILL J,CONNER JT,WILLINGS KB,BARRELLA MBE,MURPHY MP,MOORE B,DYKES EF,RAIK 844
RANA H,SPRIGGS GAJ,GILLIGAN W,WRIGHT C,MAKINTOSH RA,HALL GR,SMITH HW,ROBINSON EN,LUNN RG,BATON ED,BLACK WH AFM,SILCOX M,NORMAN RHD MBE MC,TAMANG R,PARKER DWG,WILLETTS DE
DAVIDSON BE,DEAKIN CA,BARHAM JN,McGILL HM,BYFORD GG,1961,TAYLOR GN,DIMMOCK BJ,MASON ER,PENMAN J,HEGARTY FM AFC & Bar,CRICHTON DG,COLE RV,PRITCHARD LG,HAMILTON T ,LIMBU H
WILSMITH MD,MAY DN,WARD EBD,NELSON L,WATTS MJ,ROYAL NAVY,TENNANT DM,NORTON-CRAIG RA,KEVILLJA,ROBERTSON T,BARNES SC,1963,MARSHALL PS,DUNNING JT,WACE RC,RAI B 229
POWELL K,CANDY C,NORRIS NJ,MASSAM GA,PRENTICE RD,DUDGEON NL,WROE D,SIDDLE TN,COWLEY MDA,GADD J,WOOD B,ROYAL NAVY,MATHIESON A,SCOTT JW,PERRENS D,RAI K 751
TODD PJ,HOWARD D,COLLINS RN,MORGAN C,HUMPHREYS J,RUSSELL AJ,WAIN R,CHAPMAN MT,SORFLEET DAE,YEARDLEY WD,BROUGHTON JR,FIELDHOUSE DE,NELSON DE,RAI S,DENNIS DG,GUNN HA
McCARTHY V,HYSLOP MF,GREENSTREET HC,EVANS DD,PAYNE PG,CLARK MM,CADDIES M,HARVEY R,LOCKE ED,DIGBY AJS,BURGESS C, SWIFT SN, FINDLAY GJ,HAPA B,LEWINGTON RWA,BROWNI 
MacKENZIE KTJ,SEWELL RV,CLARKE I,WILKIEJH,DODDS G,SOTHCOTT PC,COX SG,STEELE PM,CARTWRIGHT TH,HENDERSON A,PRESCOTT RA,SUTHERLAND CA,HANNA W,WILLIAMS HD,ROSS AM,McCUMISKEY J
PARKINGTON JH,WATKINS TC,KEMP AR,HEATON T,HOAD GT,BARNES BW,HUNTINGTON D,CLEAVER J,FITZPATRICK GBP,MOORE R,BLACKGROVE PJH,AUSTIN P,STEWART JL,HEBBES RE,SUMNER-MCLAUGHLAN WGE,CAVENAY J
ROYAL AIR FORCE,WORMALL PE,GOMMO PJ,GRAY E,HEWETT PR,SCOTT JL,SEYMOUR L,HODGSON P,HAMBRIDGE D,THOY AR,AUSTIN DJ,BYNOE CJ,RAI M,COLLINS JM, FISHWICK P,ANGLIN F
HODGE TW,LONDON NM,ARMY,PHILPOTT DJ,SIMONS J,McDOWELL RW,PATRICK CE,CLARKE EW,JENNINGS LT,FOWLER BJ,MAYER R,SAPSFORD NH,DAMAI K,GURUNG B,TUCKER ID,RAI T PUN T
MACPHERSON JA,SALTMARSH P,COOK BDA,WILD CR,BOYLE PN,EDWARDES GC,EVANS WC,HICKMAN GE,McCOSH JE,CURTIS.R,LANSLEY DTA,HEELEY J,REEVES G,CLOWES JT,ROYAL NAVY,CONDON JR
WATERMAN DJ BEM,GIBSON HW AFM,RAI B,DUTTON ET,CLEVERDON NF,GILBERISON T,AITKEN-ROSS GA,LYNE A,BLANCHETT CJ,MUSTO JSA,MOY MJ,JEFFERY R,YOUNG PJ,GURUNG K,MARRIOTT M,DAVIES MR
BRIDGLAND F,EMSLIE NG,SMITH PL,GUY J,BRIGGS FE,NELSON RT,TAYLOR-STOAKES PE,McCONNELLJJ,GRIFFITH JH,HARRUP DR,CROFTS DW,COOPER MD,HUMPHRIES JN,POINTON WJ,JENKINSON MW,McCORMACK ED
POLLOCK JF,SAWKINS VA,COX J,CARBERRY BJ,CROSSLEY PL,SLAUGHTER AWG,SMITH HWH,TARLING PG,HALLEY GC,MALLINSON JT,MARSHALLAE,PHILLIPS DEA,GAIRNS A,PELLING JJ,BROOKS EA,DAGLISH R 
DICKINSON M,JOHNSON AE,FINNERTY J,TOBIAS RL,KEATY JEW,LANGLY-SMITH P,BOTTRELL GE,WELLS JA,MARTIN PL,SUNDBORG IP,WYMAN DD,SCOTT LR,HAYDEN S,CROMPTON JR,CHAPPELL R,CRIBBETT A
KEELING PD,MOTTON DJW,McCAMMONT WJ,WILLIAMS RCD,DARLING B,MCLURE CRC,SABIN J,ARMITAGE BML,MAYCOCK P,DEARDEN DJ,OGDEN D,FLINN TD,SCOREY DEE,MacKENZIEJM,PRICE DHM ,TINNEY LB 
MURCHIE DG,WEST RM,HOWARD DA,MANCY FV,THORNALLEY GB,CLARKE CDWJ,BEECHING RL,DRENBAC AFCI,TULLEY BR,HANDFORD JF,THOMAS GO,SKELTON RG,HEYES J,MOHAMED TAZ,SNEDDON E,PAPE DE
COOPER A,FAULKNER RE,AVENELL BJ,SMITH RP,TOMES PR,BROWN O.,NEALE WT,MERIFIELD JRH DSO DFC &Bar,JONES K,SMITH EE,HOLLINS ET,TIMMS R,RUSSELL GM,WALKER B,STEENSON GA,LINFOOT MN
TREASURE AG,D'ALBIAC CHF,PICKERING C,LOGUE DW,DEVINE CDG,LAISTER TMH,LUNNJW,NOAKE C,,McCUMESTY JF,MCLEOD ND,BOLTON T,McKEOWN PJ,BURTON A,WOZENCROFT KL,DENNER AR 
ALBUTT HT,TURNER EH AFC & Bar,RICHARDS MR,LIMBU H,WALLEY MJ,BARRON JNF,ARMSTRONG WA MBE,STRIBLEY AW,,PETERS RH,O'NEILE K,MACFIE AG,THORNTON DG,GRAY MH,,RAI R
,WOOLLEY FG DFC & Bar AFC,,WILLIAMS AC,ASPAIN MR,124,GREEN H,FARMER M,,JONES MFR,FAREY JA BEM,,DEAN L,SUTTON KJA,,
,KEAN JJ,,BRADLEY D,,,,FROST RC,,MILLS EJE,BAKER RHT,,MORLEY RA,SMITH RJD,,
,WALSH JL,,METHERELL BT,,,,,,LUCAS JM,FOULKS RA,,THOMPSON HAI MC,LUNN R,,
,CREASEY EJ,,,,,,,,GORDON W,,,GARNER T,ROFFEY CD,,
,McGUIREJ,,,,,,,,128,,,,SOUTHIN PG,,
,,,,,,,,,,,,,GURUNG PB IDSM,,