135,136,137,138,139,140,141,142,143,144,145,146,147,148,149,150
 EDWARDS RC, MILLAR JT, PECK RWG,KNIGHT ML,McKELLAR  IAA, WAGHORN D,POTTINGER JT, BRAY MDA,WOODFIELD AL , KAMI D,FITZGERALD P,HEMMINGHAM BT,RIDDIFORD JA,CROSSMAN HWE,SOUTHWORTH E,POWELL MW
THOMPSON HAI MC,BARTHOLOMEW JRE,YOUNG RE,RAYNER PA,VAKATALE M,COLDRON BR,LEE N,BROMLEY AG,FLITTON A,McLANACHAN JS,HATTON RC,PATTINSON M,CONNOLLY JF,GAVAN A ,LINDSAY AS,FORD RW 
DAVIS MF,COPSON RW,McGOURAN J,CAIRNS L,McGOWAN J,COLLINS B,ARMSTRONG IRH,ORME BS,MORTIMER TM,SKINNER IW,CUNNINGHAM EW,MOYLES PJ,DANDO R,PINK GA,DAY PG,HOOLE CF
JEWKES EB,SHEPPARD PRA,WILLCOCKS AJ,STYLES RU,JUKES P,O'NEILL MJ,BENNETT H AFC,PATRICK GW,THAPA M,WATSON R,OSBORNEJK,JONES BC,ORR WC ,LLOYD RG:,LAWRIE SG,HAJDA GH 
CHAMBERS L,RAI T,SAMPSON JH,WOTTON TJH,Mac LEOD AWC,TATE AS,ARMSTRONG D,PERRY DW,DAVISON PG,HUMPHREYS ET,CHAMBERS AW,BARRY JB,LOWE DT,EVANS EC,BROADWAY NJ,RIDLEY DM
HIGGINS B,GRIEVE RC,LODER M,MATTHEWS R,SHEERER RT,PARRY R,EVANS GP,TAYLOR CB, KELWAY AC,JONES SM,MeGUGAN SJW,WILKINSON J,PARKINSON AJ,HUGHES BGW,STILL GL,ROYAL AIR FORCE
MONK AJ,HADDOW RM,GIBBON D,RAYMENT AP,ALEXANDER HR,HYDE J,WILLIAMS G,TIMMS B,WEBSTER RNT,LAMBERT MR,PASSMAN RE,ROBERTSON A,SCOTT JG,VINCE RG,TRACEY TW,HAMMOND IG
HEATH M,PROUDFOOT AS,SMITH JA,TAYLOR GS,RIDLEY DJ,MEANEY RB,FEARN MS,WILLIAMS JS,GARBETT THJ,SHIRLEY MG,HARRIS MR,JONES JH,BROWN AB, WATSON R,TYRRELL ET,BENNETT AW
WARBURTON JN,CLAYTON CAdes,STEWART CD,FELTON MJ,REED AJV,ELLIOTT VJR,BULLOCK EB,PAPADOPOULO SC,EDWARDS BT,GRAY J ,GERRY DW,ARMSTRONG W,MILESON MS,McKINLAY SB,MARKWICK DB,GOODMAN BD
GURUNG P,KEOGH PJ,PARNELLJS,BURNS DE ,HILL W,ELLIOT TC,MacSHARRY PN,BARNETT TW,,HENDERSON SS,HIGGINS RJ,BELL T,MITCHELL ACN,SHARP TM,ARMY,SUMPTER SR
GURUNG H,RAI M.,BURKEY DT,PETTY PE,PROVAN JH,LIMBU M,HURLL JS,1966,SOFALA T ,WEBSTER MJ,KING ATR,FREAR MJ,BROWN WD,LEE JR,GRAY PA,WHELAN MJ
PUN I,WINCHESTER CB,JASPER A,DANELLS PJG,GODFREY EC,DORRITT JW,DIXON L,ROYAL NAVY,PAVEY EG,GOSCHEN TSK,JONES EW,O'RELLY P,JEFFERSON C,BROMLEY C,PILKINGTON W,BEDFORD D
WAKEFIELD D,GURUNG S,WOOD SW,HODGES DK,MATTIMORE F,JONES AD,ADAMS TI,STEVENS AD,BROWN AN,BURNETT RM,NOON DA,THUNDER TP.,MARTELL JP ,BARNARD GC,GALLOWAY CS,PICKERING D
DOUGHTY BE,ROWLANDS TW,KENNEDY JA AFC,BROWN B,HOLLINGSWORTH T,SHAW ME,AKIN J,MCKENZIE KM,WHITFIELD G,SAVAGE H,ROBERTS C,BILEWICZ CJ,HOLMES TJ,GEEVE HJC,CRIGHTON JA,CRAWLEY-CHALLENER R
GOODSON TJ,BOURNE I,RANDALL FW,DAWES PB.,WATTS B,GRAHAM J,BAYLIS DJ,FOSTER CW,BARTLEY SFA,CAIN JE,1967,SHIPPEY PJS,ROBERTS LT,BOWEN F,HINDMARSH R,CRYER D
CHRISTIE AJ,OGLE EM,OWEN GM,SHEPPARD MJ,BROOKS WR,CASSELL MGL,BLAKE GG,CLARK IC,DUNKLEY BC,FLEMING JA,ROYAL NAVY,GIBB CT,WORKMAN CC,ADAMS RN,MOORE HM DSC,DUNNE MJ
HEALEY RJ,CHAPMAN MT,LINDSAY JH,TRAISNELL FA,BLAIR WR,JONES R,BORTHWICK JI,HARVEY JW,HUGHES RJ,SHARPE JTD,BETTERTON JE,ILES GFF,BAULCOMB JF,BLAKE H,HENDERSON JR,CARVOSSO BD
HANDPIELD-JONES MR,HOLIAN JR,DENNIS AD,ROBERTSON PG AM,LINTON MEH,GOMEZ PA,CANHAM AF,THOMAS SS,CANN AF,BEADLE CJ,SMITH JR,LONG IW,GOOCH PF,BUNGAY RK,HISCOCK D ,SPRIGGS TN 
CARROLL D,CAIRNS T,CLAVERING DSA,ARMY,BRAVO AC,COLLINS G,BOYLES MDC ,COLLINS TJ,KEATING T,BROWN APJ,FREEMANTLE J,MORGAN DA,PATRICK PM,GREATOREX KM,HOBSON G,BURTON DR
GARNER TJ,RUDGE CA,MURPHY JP BEM,WEBBER RG,HOLMES NA,BARLOW JB,CASEY AR,LIGHTFOOT C,JARMAN RA,WALDRON KJ,BROWN RA,KELL F,BLENKHARN JR,LOVE D,RIEDEL AJLC,BUTTIMORE TFA
WALKER HM,WRIGHT BG,BAKER KJL,MILLARD DG,GHALE B,GREIG NJ,CLIFTON P EVANS A,PATRICK JF,TOLMIE JM,GOLDER RT,FRANCIS MS,ALEXANDER PLO,GREENWOOD R,MORGAN DH,KELLY MJ,CREAMER JRF
SHOPLAND JR,HUNT FJ,BINGHAM G,MILNER K,GOUGH ET,COOK RC,HOLMES CD,COUNCELL CDC,HIGGS GR,BADENOCK TJ,BRODIE PB,CULLEN FA,THAPA P ,REES RG,BASFORD LJP,CREEDON M
GOOD JW,SAUNDERS C,BURKARD CV,PORTER JR,TANNANT PD,SLIMMINGS TA,HURRY J,STUTCHBURY JM,CUTTS DB,ROYAL AIR FORCE,BREMNER RA,BROWN AGEG,BEET DJ,STANLEY IB,ROBERTSON KAC,DENNY RJD
BEXTON B,FROGGATT JR,BUSFIELD PE,BUNN BL,THAPA S,SINNOTT A,IRELAND MR,GWINNELL PG,STANSFIELD JG,LEAHS,ESSEEN D,INCE JW,COFFEY SJ,BROWN A,PERRETT GR ,DIXON BR 
MACEY EFL MBE,GORDON-SMITH P,DAVISON KV,CORNISH CC,INCE GE,WILKINS JL,LEE AC,KENRICK RW,DENVER L,PEDELL WP AFC,TASSIE AD,PRICE DW,FOWLER WAH,GENT JF,HUGHES RJ ,DUFFY NM
PLATT L,LIMBU D,JONES AH,KIRKHAM NW,SMITH MW,BURTON H,LEGG RJ,PARRETT NDeL,THAPA S,LAW DR,ANTON F,QUINN BP,DASILVA RA ,GORDON KR,JOHNSON W,FISKEN GC
FOX BT,BONNES J,O'KEEFFE MJ,GOWER MGJ,WALLACE LEJ,REEVE E,McGARTLAND JJ,WOODFORD TM,MURPHY RJ,MOPFAT AL,PHILLIPS JT,CARVER C,RODGER CS,HOLLINS FR,MARCH SSE,HAGGETT RCL
FREEMAN DI,BROWN LS,STEPHENS TAM,RAI K,ALDERSON TP,LIMBU P,PALMER MC,GARDEN PJ,GURUNG S ,MEADS W,WILSON J,GOLDIEN,FLINT NJ,LETCHFORD BC,MEACHAM BF,HELLENS R
RAI R,DAY AW,WRAGG C,RAI M,ANDREWS RM,WILLIS F,PAYNE CJ,BENNETT JG,HYAMS DE,GIRLING DL,LAKE N,ALLCHIN TF,COOKSON JH ,SPICER ET ,TUCKER NA,SHAW KD
O'NEILL JP,SMITH IM,SMITH WS AFC,DUTTON LG,BASSOM C,MARTIN AP,ROBINSON JW,STOCKEN CM DSC,DANE JT,SMITH RB,MORGAN A,BUTLER WGO DSO MC,GAWTREY RG,STOWELL PJ,TUNNICLIFFE J,STRATTON RC
BERRY D,BURKEY P,WHITEHEAD JA,RYAN JM,BLACKMAN AA,WILKINS JH,RODEN WP,SHEPPARD EW,BARRETT RA,LOVEDAX PS,DUNN AJ,CARR JK,RATCLIFFE MA,PATTERSON RH,TWILLEY DR,DAVEY AJ
MORGAN BM,PUN K,WOODCOCK KW AFC,BARKER J,BRETT TR,ADAMSON GA,SCOTT HR,WALKER P.,COMBER M,CLARE R,BARTHOLOMEW PW,FITZPATRICK BJ,ROBINSON EE,FISHER R,WALSH KP,OWENS BA MBE
HIGGINS TH,LANE RH,WALKER MD,BOOTHRIGHT MR,COOPER T.,WELLMAN PN,SMITH JR,CUDWORTH R,MORGAN STG,FULLER GE,CALWAY DG,ROBERTS CE,ANTCLIFFE EJ,JLIVERSIDGE JH DFC AFC,JARMAN DA,CRISP A
GHALE D,SLATER G,STEVENS VA,JACKSON CH,ELLIS H,LIMBU B,STEPHENS DG,BREEN DC ALSOP M,BUTLER VFE,MacDONALD JD,HENDERSON DT,WALLACE NA,CLARK IJ,HERMON MW,EDWARDS PAJ,GREENOP MJ 
GHALE O,RICHARDSON EP,MURDOCH HO,RAI B,HILDITCH WG,LIMBU K,SYKES AJ,STARLING DJ,LAWLOR MP,SUTCLIFFE GH,MAXWELL RG,MOFFAT GM,WEARING R,CAMPBELL DA,EGAN BD,PROCTOR RIG
GURUNG,CONNELLY R,CAMPBELL F,RAI R,HOUGHAM BJ,RAI M,TAYLOR GJ,DYER PJ GEE JH,LIMBU C,WARING B,JONES DE,GAMMOND AW,ANDERSON JR,BACON NO,TREDINNICK DB,WALKER RJ
THAPA C,KERTON B,WIGGINS KH,RANA A,STEWART DJ,SCULLY G,TELFER AM,JOHNSON AM,BOWKER BT,HAYLER D,MOIR DAM,JONES MH,HARDY PT,BRODIE DS,WOOLLEY JC ,WASS JJ
THAPA D,GURUNG J,TROW WW,BOWES JC,WALKER MD,DENTON B, TIMMS PSJ,WHITWAM NKL,MITCHELL VM,JARRED JLW,MAGEE TJ,WEBB JR,PACKER JER,CURTIS J,HOGGARTH R,WISE AJ
AINSLEY ATJ,GURUNG K,1965,CONSTABLE RA,SMYTH JP,KING RH,TURNER AWH,ROBBIE G,FANE-GLADWIN RAJ,MCLWAINE IM,NICOL JC,MCINTOSH JA,ROBINSON J,GEORGE BR,WORTHINGTON WG,BEESON RL AFC
TAWS TG,GURUNG L,ROYAL NAVY,HOLLAND GR,MOWATT AG,DONOGHUE H,WAY PM,CAMPBELL NJ,GREEN L,KINGSTON AER,MARSHALLJG,BUTLER E,HIGH J,HUDSON B,JONES HP,MERCER MJPH
COUZENS CV,HAINSWORTH PM,RENWICK RGN,SMITH R,HOYLE NB,DICKSON W,WILLIAMS PG,ARMY,PLANT SC,EVANS G,SCHOFIELD CB,CONQUER JA,MARLOW SRJ,TRIGWELL EW,CURRAN J,GLASPER JD
FOX LJ,LIMBU B,LOWE DJ,WILLIAMS RJ,HARRISON J,RAI B,MUSKETT RC,COLLINS RM:,SYNNOTT JJ,COOKE C,KNOWLES DB,CROMBIE WM,LIMB RW,BOWEN M-B,MACIULKO JP,DAWSON PE
PALMER AP,O'NEILL WM,WHITAKER KN,LIMBU K,HALSEY DA,GOLDSMITH DR,LOTTE • CLAPP TF,ROBERTSON -FOX DEN,OAKLEY LE,HARRISON PA,SHAW IE,DAVIS JAH,WILSON NC,EVANS DJ,JONES A F,COWIE S
ASQUITH D,JONES G,BILLETT ES,O'TOOLE PC,SMYTH TN,RAI S,DINGLE LD ,BALDAM M,MORTON -CLARKE JCM,REDLEX MW.,CRISP MJ,FERGUSON A,HARTIGAN EF,FONSECA RJ,LUDE SG,DOYLE MT
HARRISON D,SUNWAR B,SANDERSON JA,RICHARDSON R,FERRIS HJ,EMERTON WJ,SIME HM,STEELJM,PUN C,SPOORS RS BEM,DEVINE BG,FRASERNG,BAILEY AN,HARRIS DI,EDWARDS BR,GALLIENNE WA
HUTCHINGS WJ,FAIRNEY J,BLYTHER VJ,EDGE AC,SMITH BJ,PALMER CD,OLIVER J ,HOLLINGSWORTH J,PUN N,FORSE BEC,ARMY,CARTH R, MILLS ET,HARVEY H ,PARKER RF,MORTON RS 
HUTTON BA,ATKIN K,DAVIDSON PE,HILL V,TYSON RJL,REECE MP,COOPER RM,ASHER C,REEDER MV,STEWART PW,SEARY TA,GEALL MA,GREEN T,HURRY KB,CASSON VW,PEACOCK KJ
JACOT De BOINOD DBD,ELLIOTT G,FERGUSON DC,REYNOLDS M,GURUNG K,THAPA B,ELLIS LW,COMMINS R,MASTERS GM,CALTON MA,MCLAREN C,HOARE PM,ATKIN CD,JONES MA,RAIL ET,SLABBERJ
SNELGROVE TJ /,FRAZER WF,McINTYRE DS,WILKINS DM,GURUNG L,MORDUE GS,SAMOUELLE RD,MURPHY JG,FOLEY B LIMBUI,CHAPPELL D,BELLE,HOULT GT,ROYAL AIR FORCE,MACKIE BGW,ULLAH BR,WOOLNOUGH JH
EDMONDS IMG,ROYAL AIR FORCE,WILLIAMS AJ,POTTER C,RYLANCE TE,SAVAGE W,CANHAM JLN DFC,RYAN IN,MEPSTEAD GH,JACKSON RUB,COLEMAN WI,HUNTER IT,RATCLIFFE TL,MACLEAN IC,KERRISON DM,THOMPSON PF
ELSMORE A,LEE AJ MVO,DADE BC,HOLYFIELD MJ,BLYTH G,SIMMONS RJ,EVANS P,SHAW HCK,QUINN W,MINNS EJ BEM,CORNETT AS,LIDDELLT,HOLDEN CRE,MATTHEWS CP,LONNEY AC,DARLEY F
WORTHY MC,SHIELDS RAF.,PREUS HIR,MATCHAM LW,GRAY DJ,FFOULKES PD,GALBRAITH RM, DARBY CM,WILKINSON RE,SHENTON RC,CORRY PU,MALCOLM BAE,RYAN B,McCALLUM MC,LOW D,ROLINSON ME
BUCHANAN AA,GALLETLY BR,STURGESS AWS,EVANS GL,BATCHELOR DG,LUND PE,LANGLEY BJ,BULGEN RRL,BOND NW,CASWELL TJ,PLYER ME,ИСРНЕЕ Н,CHALK IK,SWINNEY TC,MacLEOD LA,BROOKS HC
FIELDHOUSE A ,NORTHWAY BS,CUNNINGHAM RJ,ATFIELD CJ,COATES G,MURRAY WH,SMITH SP, BUFFTON GA,DEVLIN MT,WILLIAMSON IH,MORRIS PS,MONCUR IW,HARRIS DWJ,YOUNG JV,BIRKETT EJ,1969
DOOLEY PS,DENDY AP,CLAY DE ,GREEN RG,LALAKOMACOI K,ROYAL AIR FORCE,SOUTTAR JC,McASKILL G,ARMSTRONG E,LANFRANCHIJV,HIGH DP,MOORES JE,WILKINSON GW,1968,FARISH W,ROYAL NAVY
WHITE WE,CAMERON CM,LITTLE WK,JACK WJ,SUTTON RD,BEATON A, HIGGINS AA,FAIRBANK JA,SWIFT MP,LESLIE-MILLER AL,MacKAYJL,POUTON F,EVANS GN,ROYAL NAVY,MORGAN EJ ,FLEMING PF
SCRACE SJ •,HERRING MS,O DRISCOLL MR,JOHNSON CJ,THOMPSON CJC,ROBERTS E DFC,HARVEY IR,LIMBU M,LANGRICK FW,MATHIESON CS,GASKELL HEE,SINCLAIR AA,WALLINGTON CG,BAVIN RJE OBE,PHELAN PS,MANSEL-SMITH HJ
WARNETT W,DAVIE GC,VUOLO MJ,LONERGAN JF,GRAY RK,TOMPKINS NJ,CALLAGHAN RD,GRIFFITHS T,BYERS DE,DOWD GW,HERBERTJE,SMYTH CT,KNIGHT JR,SWANN C,PARSONS BV,BROADY AC 
FEWELL NJ,HAWKINS LR,MORGAN JAC MBE,MONEILLY P,NAPIER A,TOWNSHEND S, TAVENDALE DL,McEWAN WG,COLLINGS LWR ,FOX MD,CLAY RJ,STEWART L,BEACH GM,WILLIAMS HJ,BURRELL AG,SUTTON IS
GURUNG G,MILLS GA,HABGOODJC,RAYNERJC,ADAMS DA,GIBSON G,FRENCH RC,LIMBU G,HARDWICK SB,SPOONER RA,RODGERS C,TEVEN DALE J,MEEHAN BD ,FOX PH,SMITH JD,HUGHES AB
MEAD H,NOBLE R,ROBERTSON R,HOULDEN BR,LIMBU C,MARTIN REJ,BENNETT F BEM,RAI L,SMITH JB,HOLLAND JA,HEYS T,WEST MN,SEAMAN BW,BOOTH FRD,FRYER CM,BADENHORST RJ
COLEMAN M,STRINGER JR,ROTHWELLA,LLOYD MJ,RAI B,JONAS G,BELL DC,LIMBU P,HADFIELD D ,NORMAN RA,ROGERS J,WYLLE BH,HOWICK-BAKER JD,McKENZIE DR,NORMOR S,COX RS
HARTLEY GH,WELLES FC,MASTERS GE,EVANS AL,HARDY E,WARD-SIMPSON JE, POPPE PJ,RAI B.,FERGUSON JL ,SMITH K,EVANS TJ,YOUNG RA,SAUNDERS JC ,PROCTOR R,PLOWMAN DL,WILD RCN
MYERS JH,CHILTON P,RAINSBURY JE,SCOTT IAG,WILLIAMS JR,MEAD L,FRASER AR,RAI K,WHALLEY JP,WALSH H,,GOLDSWORTHY RM,PANKHANIA S,QUARTERMAINE T,TURNEY JD ,
CHHETRI C,CHRISTIAN L AFM,MUIR DA,DICKINSON NC,MARTIN AF,MERMAGEN TPH,SMITTEN DE,,ROSS WJ,MAKISON WC,,BROWN M,PAGE T,ATTER KR,ELLIOTT PA,
GILLION D,DINGLEYJ,FINCH MB,SMITH H,ANSTEY JFR,PRIEST GD,GOODWIN T,,BLELLOCH JG,PRIDMORE CM,,PERRY JN,ASHBEE K,BUTSON PH,ORCHARD LD,
REA L,YOUNG FA,HULME AJ,TUPPEN NDH,FISHWICK MD,BROWN VK,,,WHITTAKER GV,LOVE AJ,,TULLOCH WA,KAY WB,,SAFE DR,
SAHI K,,WATSON WHC,,OXLEY EG,LEWIS KCA,,,HENDRIE P ,HOWARTH GD,,GUNN DR,WHITTLE JT,,,
,,,,PEARMAN MJ,,,,WRIGHT S,,,HOUGHTONS,,,,
,,,,GURUNG S,,,,,,,BRADLEY W,,,,
,,,,ERYER RJH,,,,,,,,,,,