151,152,153,154,155,156,157,158,159,160,161,162,163,164,165,166
MUSGRAVE A , HUBBARD CN, SCOTT NW,KIMBER R,OLIVER IRM,SMITH  RJS, CHAMP DM,CHILLINGWORTH K,GRIFFITHS D,ROYAL AIR FORCE,GREEN J,ALSTON G,ROYAL AIR FORCE,LAIRD JE,CHALLIS AR,LIGHTFOOT A
BENNETT B,MacKENZIES,JACKSON PD,TAYLOR DH,STEWARDSON DA,BELL ED,HARRIS IM,HARRISON AJ,TYE KJ,GILROY TG,LEAHY IW,JARMAN R,MacKINNON IF,GRIFFIN T,HICKS MS,THRESH LH
ALLOTT DVL,BALL KCA DEM,DAVIS RB,FORCE,CARROLL ML,BLACKETT BJM,RANKIN DR,KEALEY RJ,CUTTING RS,WILLBOURNE TW,NAPIER D,WATT S,MANN DJE,GODDEN LJ ,BETT BJ,MUIR CDP
JONES HAJ,CHAPPELL SJ,THOMPSON RJD,CE KC,PROUDFOOT RF, FRYER DI OBE,WATSON BC,LESLIE C,HEWITT LA,HUMPHREY CM,SAYERS HRL,CRIDDLE B BEM,HUTCHINGS KA,HAUGHTON C,COOPER JW,TIERNEY PG
ROGERS DOR,BELL KJG ,WALKER V ,VY,CARTER PS,COLLINS DJH,McCANN TF,McMILLAN A,SMYTH V,McCLURE BR,KING JW,SMETHURST RL,LIGHT RA,HYNES JT,IRVINE TP,BURCHELL KM
OSCROFT GA,DENSON G,CLIFFE JD,DJ,RUDMAN JR,KELLY PA,CALLAGHAN T,MUTCH IM,GEORGE IR,CHOAT A,McKELVIE DJ,BRIGGS AC,GIBBS JH,McSHANE JJ,LEASK EC,ARMY
HOWARD GM,IVIL DE,BENZIE DG,ARMY,HERRINGTON P,DUCKWORTH JA,PRIME MF,SODEN BD,MCPHEE D,COOPER PA,KENNY WL,CARRIER DH,QUINNEY KR,REID PA,TOMKINS RL,MATTHEWS K
MIDDLETON PW,WOOLMER CS,LAMBETH PA,HILL RP,FAICKNEY HH,LOFTUS JV,STITSON HR,MeCARTHY KC,RICHMOND D,WILLIAMS PAD,BROWN DJ,COOMBER BE,MUSSON JP ,WAUGH ME,BEACH E,LORING NCT
KELLY TM,SHARP SA,WILTON TM ,CHAVNER K,O'BRIEN D,CHILVERS GR ,WOODWARD LE,MOON D,McINTYRE WA,BASTABLE BA,DAVIDSON PP,LAKE LC,PHILLIPS JW ,WALSH LD ,MUIR G,McDONALD WR
BRIMBLECOMBE RJ,LUCAS J,PROCTOR JG,ADAMS CW,MOSELEY VW,KINGWILL G,WESTON GE MBE,REID SC,PERKIN AG,BULLEN RC,GAY MJ ,SUTTON NJN,STEVENSON SH,BRIGHTON RW,DUNLOP GG,MILLAR WK
SAMUEL CM MBE ,TAYLOR ER,KELSEY AT,McGAHON T,ELMES M,BROWN JL,MOFFETT TJ,STEPHENSON C,CRAIG JG,LAST FW,DOUGLAS D,HILLJK,SWAIN RJ,WHALLEY S,McKAY M,LEA TE
OStJ TD,WILLOUGHBY J,TAUNTON PD ,SINGLETON JS ,HUDSON GS,CALDERBANK R,DICKSON HD,DOLAN B,DAVIS J,MORRIS JR,MULDOON M,LINDSAY PH, WILLIAMSON J,SMITH J,HALL G,CRAWSHAW JG
PARR RA,BOWES D,RUSHBURY P,MAPPLEBECK B,PHILLIPS J,MOORE DE,FLETCHER TJ,BANKS M,FRANK D,WALMSLEY JD,S WAIN IW.,GILMOUR AH,SWANSBURY JF,GREIG JR,FORSYTH WM,WASHINGTON GP
ROBERTS DM,1970,SHERIDAN BJ,PLATT JE,TURECEK CS,MOTTERSHEAD PG,KEATING S,ELLIOTT GH,SIMPSON AN,JAMIESON AP,FOSTER BJ,BECKETT RF,BAKER DN,BRAMMAH AN ,HAMILTON ARM,ARMSTRONG D
JOSEPH NR,ROYAL NAVY,LLOYD G,CURTIS RG,HITCHMAN DM,HOLMES KR,McCAUSLAND ME,MEREDITH J,VAN BECK J,SHERAN JD,PENROSE TW,PEW M,HODGES DN,YSON JCA,HUNTER JC,JOHNSTON DG
ASHMORE MJC,LAND LE,GARDINER DWA,BENNISTON IT,SMYTH PT,KING CW,JARDINEJ,KELLEHER M.,STOKER TA,WHITLOCK NC,SOMERVELL ANG,LILLY M,KENNEDY HPC,MILNE SK ,SLATER CJ,BOOTH JR
WALKER AW,STEWART A ,GURUNG N,HALEY EJ,SWINBURNE GK,MARSHALL DO,RAMSDEN DR,FLEMING JF,BELLPT,COCK PG MBE,BRYMER BC,MARKWICK N,LANE PD,MUNDY PC T,STEWART ADM,STEVENSON J
STORROR PGP,COOMBES PJ,MALL K,LAWRENCE HIC,JAMES MJ,RAMSHAW R,COOK CC,JONES T,BULLOCK TR,ASHE CF,COSTELLO EM,KENEALY A,DRYBANSKI MJ,MOFFETT RT,BELL WJ,ROBSON W
ATTREE PLS,HOLLAND JR,REDDY P,PRICE SJ BEM,NEWPORT B,SHAKESPEARE K,WALMSLEY J,WILKINSON WR,GARDINER SM,ROSS AD,KENNINGTON A,EDWARDS EW,WARDROPE B,MOTH FVC,JACKSON D P,ALLEN BH
OLLIS NP,TANSON SC,DOYLE JE,ROGERS AR,SHARP PJ,KIRKLAND PD ,CURRAN G,MEEKE DA MOGG KC,JOHNSONJT,HALL JT,MARR MG,OWENS WIMA,HOBBS AEJ,KENT A,AYNTER A ,MILLS EM
McCABE HA,CARR DM,ROYAL AIR FORCE,LAURIE JD,HALL BW,LAWFORD AL,KENT D,ROONEY M,MCGLADE A,BLOUNT IS,STEVENS AJ,ORTON MRE,DENNIS DJ,FARRINGTON DA ,GIBSON SJM,CURLETT J
STEPHENSON TM,KENDALL JA,CARTER AT,GADIE RL,MOORES JSM,METCALFE JR,MARTIN PJ,RUSSELL HJ,BARRY JM,CONSTANT EP,BROWN TD,MILLER R,HARRIS MA,BEDFORD RA,LUNN STJ,CHAMBERLAIN C
FARNCOMBE P,MOLE FW,PHILLIPS PJ ,JOLLIFFE WG,BASSETT C ,FAWCETT MF,BUTCHER AS,WILLIAMS-WYNN RW,LOCKHART G,WADE A,HARRISON SN,BARTON J,SPAWTON KA,JAMES PD,SHARPE M,BAGNALL W
GILL DW,HARTRICK MA ,DOIDGE AD,STEIN D,WILKINS R,FULFORD P,CRACKNELL CR,CANHAM K,BURT ISD,HAYNES CM,ORAM B,GOULD JS,PEARSE S,RYAN MJ,SIMPSON MJ,MCRAE JB
SPURWAY M,HARRISON BN,HYSON RA ,RANKIN S ,HILLJCE,HARRISON CG,KELLY A,HEPPENSTALL P,RUDMAN T,SMITH M,TIMSON D,JORDAN TJ,BARRETT AV,SMITH RIM,SLAVEN SJ,RAYBOULD DS
EDGAR C,PASCOE NB,BAILEY AF,GURUNG Y,COX GA,KING BD,TAYLOR JW,WILLIAMS JTH,STUART TED,1973,MARCHANT CJ,MAGILL WG,COATE PR,COTTON MJ,ALLEN RG,NORWOOD DJ
ROUND A,ARMY,COBBAN AM,HORNE KW,GILKESON RG,LEE RR,TRAINOR SLS,YOUNG JH J,BELL J,ROYAL NAVY,Mc CONAGHY AM,PHILLIPS MA,FRASER SA,HERBERT ME,MARSHALL RW,SHIPLEY MGA
PEARCE MJ,MURRAY PC,MILLER WL,DAWES HB ,HAMILTON G,SWANN-PRICE M,GIBBON N,GRAHAM TM,PHILLIPS HS,COX GD,EVANS IK,HERRON RP,MILLS DG,COVEY HA,COUGHIAN A ,HEWETT CR
MAGUIRE J ,COWLEY PRG ,FOSTER GWE AFM,ELLIOTT R,JOHNSON TD,LONGDEN DC AFC,BEEDIE SA,LEE JA,BATTA AK,REED D.B,BEATTIE SN,WILKINSON R,NATT WC,FARRELL DP MBE,SWANICK M,CLARK RJ
DYE DC,HOCKING RJ,WEBSTER JC,McCAIG J,TILBURY DE ,STORR RM,CALLADENE BC,JONES JJ.,TOBIN TRA,HUBERY MJ,STEPHENSON TB,BARRATTJD,HANDYSIDE BG,TURNER RJ,BATES K ALLEN B,SMITH B
LEWTY MN,LLOYD J ,YATES CT,McCAIG JB,STEVENS AJ ,1972,FREESTONE K,LABALABAT BEM,MILLS AD,SHAW JJ,FORMAN DA,CROSSLEY P,ETHERIDGE RC ,CARROLL LW,WINDSOR SA,"""DOOLEY D"
BRETT AM,SLOAN FJ,WOMPHREY JM,McCAUGHEY DP,POWELL DF,ROYAL NAVY,KANE DV,COOPER SANG,OLPHERT T,BARLOW J,GOODFELLOW A,DENNIS DC,1974,STEVENSON JC,ROSE VI,EDWARDS AF
MIDDLETON KR,THAPA-M,PITTARD H,SMITH SG,JENKS JM ,IDIENS S,SIME PD,PRICE PJ,PARSONS AM,BOND ME,VENN KJ.,DOBBIE LWH,ROYAL NAVY,SAUNDERSON GW,DUNNE RCS,THAIN R
MAISON N,MASON J,SPINKS PJM,ERSKINE-CRUM VF,BOOTH N,RAY SJ,LYNCH JC,MCCOMBR,PHILLIPS ML,GUDGEON OCM,COTTON B,VENNARD JI,PHILLIPS ADC,MCKENZIE NW,SIMPSON JC ,TROUGHTON PL
JACKSON D,EDMUNDS JE,WHITEHOUSE F,OWEN W,DOCHERTY IB,HODSON RJ ,BLACKBURN E ,THOMAS B,RUDDY J.,TAYLOR KJW,SKINNER M,POPHAM RW,ROGERS NK,SINNAMON HDB,HOLLIS PLI ,BONSALL DP
RICE JA,PHAYER RJ,BELL DA,EASTAUGH PK,McGUIRE SA,SEYMOUR PB,THOMASSON B,BEAUMONT EW,SIMPSON BA,HOLMES JT,CRUMP TW,PATERSON GA,TAWS J B,GARTHWAITE S,SIMMONS A,NIXON IM
BOSWELL MD,GAGHRAN RJ,LEYDEN EK,HAZELTON DG,GENGE PS,CUTHBERT DA ,BRISTOW GC,MOIR DF,MeKEOWN RJ,ARMY,GIBBONS J,HAWKES WH,EVANS DA,ROWAT DC,McCREADY TJ,CURRAN BC
 CHALMERS C,LOWNDES S,REES DEA,McINDOE MG,TAYLOR TEF,THOMSON PM,HULL NE,JOHNSTON AG,CALDERWOOD WK,SMITH WJ,VINES WR,FORSYTHE TJ,LANE G,POLLEN ASH,DAVIES DR,GARNER-RICHARDS JCB
GASKELL L,GIEDGOWD W,SYMONS RT,McNINCH W OBE & DFC,CURTIS IM,BONNER MR,ROBINSON M,BOWEN I,MAGUIRE TT,HOOD J,WILLIAMS T.,MOTT TD,JOHNSON RS,BURKE T,MARTIN SJ,PHILP N
KEENEY JPB,MAHER TM ,WILLIAMS DAC,BANKIER R,WATSON DW,KIDMAN G,ELLIOTT JD,BENTLEY SP,GRAHAM KJ,BINGHAM DW,CADDOO HF,McKEOWN C,SHARPE BJ,STOWELL G,JEFFREY RH,MANN PA
TAYLOR J,WILSON I,GRIFFITHS TGP,DOWLING EH,MARSHALL R,CRIPPS FA,PORTER D,BROWELL R,BELLJR,SECORD JE,PARRIS RJ,ALLEN DJ,WILD EN,MARTIN E,SLOANE ME,HETHERINGTON T
PECKHAM FJ,YOUNGER JMA MBE,FORD CP,WILLETTS M GC,LOID C,ALLAN LD,GOLD JBR,CLARK WJ,MASON RM,BRADLEY J,WOOLBERT NJ,HALL SR,HARRIS TP,CONNOR W BEM,MAJOR J,KING HJ
WIDOWSON E,COTTRIALL A ,McLAREN HS,MORLEY KAJ,WHITTLE KR ,BELL SD,JUBB U,CARD DN,MORRELL JM,BOARDLEY W,TAYLOR TP,GRANT R,MACKLIN J,GIBSON EF,TAYLOR JWM,BALLINGER AF
PERKINS JH,MARLOW W ,STERLAND BHL ,PATON AH,CHARNLEY E,PARKER NW,MARTIN MJ,HAMILTON WR,McKAY T,GRANT JM,GASKELLJ,BEATTY TN,LIGHT AJ,NICOLL IR ,MADDOCKS JA,PORTER MT
SHRIMPTON MH,DOCHERTY PM,WAKEFIELD WL,JONES LE,MURPHY PT,ELLIOTT DS,OWENS JJ,TWADDELL NK,SINCLAIR RJ,BIRCHALL SH,COX B,AIKMAN J,MOODY JP,DICKS FS,MUIR B,HAYES G
WILSON DW,MEDLICOTT H,PAINES PJ,DAVIES S ,BERRIMAN MJS,INCE G,LEFEUVRE MS,CREIGHTON WH,HUGHES TM,MURTAGH MJ,PLACE A,RALPH PG,BAYBUT KD,GURUNG B,RAI B,OWENS GF
WILSON A,VANAISA JN,ELLIS RG,NEILL TG ,NICHOLLS P ,MacFARLANE I,BALLARD JH,GORDON EL,LONG RI,ROBINSON JW,YOUNG S,OWEN WJ,HIGGINS NW,MaCUNN KIC,GIBSON ME,SUMMERTON RA
ROYAL AIR FORCE,TULL CA,MacMILLAN RCM,ARMIN D,DAVIES CJL ,TRUDGETT AE,BUCKLEY A,KNIPE G,KITCHEN RM,WRIGHT PS,PICKARD E,ROBERTS GA,SPILLER KF,MOULD D,CROSS WI,BRISTER DAJ
GREENAWAY PJ,SINGLETON J ,PETTY-FITZMAURICE KC,FISHER KE,BENNER RM,WALL G,HURST R,WYNNE DP,HARPER D,MASTERS JB,JONES RS,COOPER AA,LEACH DA,SEELEY NR,FORMAN-HARDY W,SMITH SS
PROWSE AJ ,CHAPMAN VR,HICK LD,CONNACHAN J,ADDIS TJ,DAVID AP,HERON BW,HARPER AC,EVANS SJA,HOLMAN AJ,LANE AR,WATERHOUSE P,SOUTHERN MJ,SELDON ME,ROYAL AIR FORCE,TAMANG P
GRAHAM WJ,PITCHFORTHODJ,1971,KELLY E,SUTCLIFFE MJ,BRYANT JE,HILLMAN JHT,SCAIFE K,MUNNIS JC,LEADBEATER JF,DONALD I,MARTIN W,GORDON RR,UNDERWOODS,REVELLG,SMITH R
PAGE DJ,HICKLING RG,ROYAL NAVY,CAMPBELL MRA,WILSON WD,HUTCHINS RE,CLARKE D,HOPE BD ,THAPA M,MURPHY HK,McGREGOR JW,SPENCE D,KERSHAW SJ,WALTON J,GARDNER G,DUMBLETON DA
PRIMROSE IS,ROSS A,VILKHU MS,WALKER D,RUSSELL O ,ARMY,BEST WJ,STORRY DA,STRUTHERS J,WESTON EP,WALLACE JF,CROSBIE E.,HALEY WJ,SMITH DA,BLOXAM AR,DOYLE A
WATSON JS,WHITEHEAD AE,DUNBAR-DEMPSEY DJ,BARTON RA,SNOW JJE,BRYAN KL,GILLESPIE WH,MEARNS E ,WATSON WD,COPE SJA,WATTON H,ROBERTS D,WILSHAW RF,CLARKE AT,DAY SJ,DAVIS GW
PATCHETT RV,BEESTON N,PARKIN D,WHITAKER AB,McCORMICK DJ,CRAWFORD M,HUSSEY SR,LOVER BJ ,PORTERS,PEARSON R,MURRAY GJ,BROOKES JRS,ARMY,GILLINGHAM SP,REES CS,JONES DC
CARNEGIE JA,HANCOCK MJ,HEWITT RIG.,HARTIGAN GA,SMYTH K ,MARSHALLADW,HANLEY EE,AITKEN JJ,JACKSON PT,SHAW MK,ROBERTS RJ,PISAREK HE,HOSKING BR,LAWSON G,JOHNSON DL,MCKEOWN VR
COUTTS J,HARRIS FC,RAE SJ,MASON ME,BROWN E,PARKIN SR,ARNALL FJ,BODDY MP,McGARRY JA,DOYLE M,STANLEY-CARY CEF,ALLEN NAB,JAMESON RN,RAINEY RWJ,BLUCKE DRK,GALSTON W
McGING BM,ALLEY KW,KAY C,BRITTAIN RG,MITCHINSON IM,STENTIFORD CPC,McGANN TR,JONES RV,PIRIE RM,DURBER LA,LEE D,MENDS RD,LUNDJW,CONLEY J,KIRKLAND TW,JONES BG
MEDHURST PH,TRIGGOL TJ,WESTCOTT PWG,YOUNG CJ,ASPINWALL AR,SMITH KJ,REID WJ,LAYFIELD RR,NEWMAN JM,DEACON DC,DRAKE FW,HESKETH J,McCABE CMJ,NORRIS ME,PARNELL R,NEWTON JM
MOIR GI,SINTON PD,WILLIAMS SG,DONNELL W ,AMOS DJ ,THOMAS TN,DOGLAY MJ,TINGEY AP,BOGLE WJ,HALL R,ELLIS D,FULLERTON P,FAWLEY HR,FEARNS B,1975,MeNAMARA C
PLUMTREE RM,STAINTHORPE PD ,LAITY RJ,HATTON ML,HAM RIJ,LOCKWOOD WBL,ADAMSON B,CAIE IH,HILLS RE,BARLOW GA,WRIGHT PR,DAVIES RJ,HAUGHEY J ,McGILL PK ,ROYAL NAVY,O'CALLAGHAN KJ
WALSINGHAM AG,HUMPHREYS VL,STANWORTH J,CHALLENOR P,THOMPSON LD,ALERS-HANKEY RNH,BRUCE MD,WHITELOCK AB,JOESBURY JR,BROWN AC,GRITTEN BS,DUDLEY RA,WHITE RL,WOOD J,DAVENPORT P,LIVINGSTONE K
NEWTON RG,PEGGIE K ,,ROBINSON JT,ROYAL AIR FORCE,BRAMLEY IR,HUSBAND V,EAMES JE,MIDDLEMASS HS,,SMITH DW,HUDSON S,,MOUNTNEY WJ,MARSHALL WN,JEALA
THOMAS AR,SHIELL NE,,HUTCHINSON M,ARMSTRONG C ,COLE KM,ROBERTSON B,JOHNSTON A,THAPA K,,McCORMICK A,RUSSELL SE,,APCAR CS BEM ,HARRIS PD,BROWN CW
BOWLER JJ,SMITH AJ,,CROZIER G,HADDOCK JS,,LEE GI,BACON PF,GREEVES FD,,ROBINSON C,THAPA P,,HUTCHINSON WDT,,GARSIDE E
 SPENCER TV,NEWSTEAD D,,ARMSTRONG IH,LEWIS J,,COLEMAN CE,METCALFE AJ,HARKER C,,O'KANE PJ,MAUN MW,,WORKMAN SG,,McCARTER RS
HARVEY DJ,,,LORING C,PERREAUX ER,,MEGAHEY EA,MORRILLIR,HAMILTON GE,,ROBERTS RB,DAUGHTERY A,,TODD A,,WILLIS PJ
MANSELL JA,,,HOULISTON B,,,STANTON R,ROWE R,BOYD TI,,SCOTT I,,,DRAKE PV ,,
,,,VEITCH FWRP,,,RAISTRICK PW,CHRISTOPHER R,,,BRADY CP,,,LEWIS JF,,
,,,WARNOCK J,,,GILES AJ,,,,BREAKWELL GA,,,ANGUS AG,,