183,184,185,186,187,188,189,190,191,192,193,194,195,196,197,198,199,200,201,202,203,204,205
1982,BULLERS BC,JONES CE,ADAM TM,BROWNLEE G,MILES AK,ARMY,SHANKAR T SHEARER D.,ROYAL KJ,RAMSAY MA,HILL RW,CRACKNELL EJW,HEWITT TW,ARMY,HUGHES LH,ROY CL,EVANS M,DUGGAN JP,McGUIRE B,CONSIGLIO RG MM,ROLLINS GW,FRENCH NHE,PEWTRESS JR
MURPHY WJA,BURKE A,SHAW A,BAGSHAW S,GIBBONS AT ,WILSON R ,ELLIOTT RG,SHANKAR T ,DACRE A ,HARRIS GM,BERTRAM MR,OWEN AB,McKELLAR K,ANTHONY NJ,BUCHAN AJ,SAVAGE JTP,THOMPSON TC,TAYLOR AWG,THAPA S,KINNEAR DB,HOPE G,SHARMAN MJ ,HAVERSON M 
JOHNSON P,CARLYLE JR,DENHOLM DJ,COLLINS CJ,HILLS G,KIRKPATRICK BHG,BELT JT,BAGWELL PJ,BROWN MA,CRIPPS S,WATSON P,1987,MEGRATH WR,ARMSTRONG TD,CHERRY W,SIMPSON CM,McKIMM R,ROBBJH,IRELAND MI,MEAD MJ,HEIGHTON MAP,O'SHEA DO,ROBERTS SMJ
Mc MAHON JG,CONNETT AM,FINDLAY GPM,DELANEY PJ,LLEWELLYN PD,STOCK AJ,JONES R,ATKINSON RJ ,CARSON TD ,REDWOOD IM,DAVIES CJ ,ROYAL NAVY,HOGAN GAP,STEWART WJR,COOMBER NR,STEVENSON PK,BAILEY IJ,ISLANIA M,BEACHAM SR,WRIGHT AJ,GOODMAN JW,BOXELL DE ,1993
WATERS Q,DALE IA,MALCOLMSON D,McDONOUGH P,SNELSON PF BEM,CAMPBELL TC,HOUSTON LC,YOUNG A,DILLON RS,YATES M,SMITH GD,CARTWRIGHT MD,JEDRUCH ERP,MANN M,DOWNS MG,WILLIAMS JP,CARR D,PARRY DJ,POLLOCK DM ,BROWN IC,GRAHAM R,REES MP,ROYAL NAVY
HANNA N,DUNPHY MJ,MITCHELL C,MURRAY D,DUNCAN G,BANKS EG,BROWN NF,SIMPSON MJ,OAKLEY JWK,STEELE W ,ANDERSON VJ,SHIPLEY DS,CLARKE PAC,CLARK ID,SANDIFORD G,HARTA,BENNETT P,1990,BURROWS S,KINGHAN JS,ROSS TJ,PATERSON JR,FORRET A
MCMASTER JM,EDWARDS P,PARR DA,SALTHOUSE DP,ARMY,WATERS SP,MCSHANE WJ,GALLAHER FW ,WEBB A,JAMES PG,GREEN CD,LORD SA,AICKEN TR,LAMB PJ,RUDDOCK-WEST WG,FONTAINE MJ,DRISCOLL SJ,ROYAL NAVY,SCOTT VJ,CROFTS SR,FLETCHER N,JOHNSON AR,REED WK
HOLLAND DR,ELLEY CN,PASHLEY JB,SMITH SG,MAKIN WT,COOPER R,RODGERS P,UTTERIDGE TP,GOSTLING PM,EDWARDS S,ROBERTS TJP,JOHNSTON MR,PEARCE C,CAIRNS SH,DOUGHERTY LA,GILBERT A,LAPPING CD,HOLMES SJ,SMITH CJ QGM,ROYLE RA ,DICKINSON I,LIMBU K,PIKE RA
MALAKOS NP,FARRELL IR,REYNOLDS JBC DCM,STITT DW,MAULE AD ,EVERITT DP ,SCOTT WJ,GALLIMORE PW ,HUNTER SA,WIGHT RN,OUSBY CA,Mac BEAN NC,MAHER AJ,CREE PF,S HAW DC,FERRANTE SM,LOWE PW,ARMY,WORRALL PD,ROBBINS R ,RING AT ,NEILL J,YATES PJ 
RAPLEY AM,GIBBY M,SIMEON JJ,WILLIAMS N,ANDREWS PE,PEARN PRG ,JOHNSTON R,FERNON D,MARJORAM CJ,STOVIN L ,BUTTERWORTH P,SMITH PR,BACK DJ,FLEMING PM,McKINNEY S,BALL MFP,CROFT JNP,KILPATRICK OF,SWEENEY DA ,,CROSS PA,NEWMAN M,WHEELER IJ
McKEOWN BJ,GRACE GC,SLOUGH FF,WILLIAMSON SA,LANHAM DM ,ORD G,CRADLE L,MCPHERSON GK,COLEWELL PP ,RIGBY DAA ,KNIGHT DJ,HILL P,MOORE G,WILLBY JJ,LAMBE TD,CLEATHEROE JA,MASON MA,PAOLO MT,KENDALL N,DENBURY DE MM QGM,PANTRY CJ,SLOAN HE ,NESLEN PJ
ROSE RD,GREEN P,STIRLING AG,WALTON ST,McCRORIE AG,WILKES SA,COX SA,CANT JM,PICKERING PG,BARNARD M,TAGGART DDM,O'DONNELL P,MOORE CE,CIRCUITT GKJ,REID DW,DAVIS TJE,HULL DM,THOMPSON PC,COOPER AD ,FOGERTY AJ,BOXALL M,SANDS LW,MARSDEN A
HARDING PC,GRIFFITHS GM,TANBINI R,SCHOFIELD JC,IRWIN ST,TAVERNER SW,ORAM PD MM,BUDGEN J ,SANDERSON D ,SHEEN J,BLACKBURN AJ ,LEIGHTON DH,WHITE RJ,JOHNSTON AT,MORRIS PS,FICE RG,PORTER SJ,KENT S,CORDNER B ,HILL TTW,SHERWOOD C,GRUNDY AJ ,WILLIAMSON KND
PENWILL DG,HUGHES DN,WIGHT D,SMITH A,McMULLAN R,ARMSTRONG FC,THEW JM,BEARD MAS,BLANKS KJ,1986,MAXWELL PRM ,ARMY,FINLAY WC,JACKSON BI,DOLAN SA,JONES RM,GUNNING JB,KIRBY G,WILLIAMSON DT,TAYLOR SP,SMITH DP,OLIVER D,HUNTER MA
BURBRIDGE MD,HUGHES G,CUMMINGS HA,ROYAL AIR FORCE,CREANEY S,REID RDJ,LARNER MW,SLATER AI MM,TURNBULL AD,ROYAL NAVY,ADLAM BW,WATSON CH,FERGUSON JW,CONNOR JA,FINLAY AM,McMILLAN D,CAWLEY MP,FARDOE RJ,GOING RH,ATKINSON PP,HARRIS WJ,SCANION SD,McKENNA M 
WARD M,JASPER B,STODDART BAV,CRAMPTON GP,SAVILLE NU ,BOARDMAN N,LOUGHLIN TA,Mc CALLION J ,CHAPMAN TP ,WILSON PH,ADAM J,JONES GJ,MEGRATH SW,CUMMINGS J,HALLETT DJ,PAVEY DP,CHRISTIE MH,HOLMES AL,GILMORE HB,COLE CP,WILLIAMS C,LOANE LRJ,WARE RF
GRAY JF,JONES MA,LIMBU B,ALLEN PIJ,ALLEN I,ROBERTS SJ,ALLAN M,BRADFORD SJ,COLEMAN DS ,STEVENS R,BIRDSALL GD,MORROW KR,HOGG D,STARRETT E,RIGG JM,PETCH MT,GHALE D,TURNER RD,BURCH AJ,DONALD NWD,WATSON TR,DEVANEY JB,SCOTT RJ
BEATTIE CJ,KEEBLE A,THORNTON SE,BEYER RCH,PALMER TGC QGM,McKEOWN BV,MONTGOMERY SD,BACKETT SW ,MILLER WMLP,COLLIER MJ ,CUNNINGHAM RA,SHAW G,PECK K,GREGG PA,FORSYTHE JW,REEVES TJ,FROGGETT KA,BELL M,UBHI LS,DOWLING MJ MM,MADDOCKS MC,BIDDULPH M,ARMY
MCKENNA B,KEOGHANE K,BLYTHE GM,CHAMBERS TEB,ARCHIBALD I,FORD PC,FARRY D,HORNSBY MA ,GREENHOW N,RITCHIE G,HARPUR S,FLEMING DJ,ASTBURY RP,HUNTER IL,SMITH G,SIMMONDS RL,JENNINGS JC,JAMISON TA,FOX JD,EVANS FC,MULLAN FN,EDMONDS JIT,EDWARDS WJ
HAMILTON JL,MARKS MJ,SELERIDGE MR,VERDIN HWP,MARRISON E ,FORDE RW ,FUNSTON RA,ROYAL AIR FORCE,WILLIS AR,CRABTREE DK,HUMPHREYS S,OLDHAM AW,PRICE TJ,STEWART AS,RICHFORD JM,NOLAN CR,McGRORY NI,BATES SO,BOLAM CAE,GILLESPIE RA,NEWELL KA,OLDFIELD DC ,ROGERS AJ
LIMBUR,MeILVENNY AG,BENNETT JD,BOOTHROYD CS,CATHERWOOD TG,IRWIN RJ ,LIMBUS,GOURLAY DM,ARMSTRONG BT,GUNSTONE JR ,MOORE J.,MAYOR SBR ,BOWEN MJ,CASSIDY PJ,RISBOROUGH RG,ENGLAND RE,SUTTON AC,McCHESNEY SJ,ROYAL AIR FORCE,FERGUSON M ,EASDOWN KJ,STEAD AJ,BESWICK MJ
CLIFFORD CP,MIDDLEWICK RW,BARKER G,ROGERS RA,TIDMARSH S,,McAFEE A,JACKSON JL,PATTEN MR,NIXON PR,LEPINE KR ,GREATOREX PA,MONTGOMERY TF,TOUGH RL,HODGSON RT,ARMY,SHIELDS RM,WALLACE R,MENMUIR PDH,LANG JW,BOOTE SJ,BALLARD DG,JOHNSON M
WAIMSLEY B,MORDECAI C,FISHER DE ,RUTTER BL,McNEILL CW ,ROYAL AIR FORCE,CHAPMAN G,GRAHAM WR,CASTLETON NF,TRACEY C ,HANRAHAN MJ,BYRNE J,GATES VT,HOWES DR,MORELAND WJ,COCHRANE D,GIBSON TW,PHOENIX AJ,TRAVIS HR,MCFADDEN JP,MILLAR AT,RICHARDS MDR,BROWN NP
POTTER J,NEWBURY SJ,DALY DRA,HAWKINS GW,TRUSSLER AW,THOMAS RD,HAMİLTON G ,THEOBALD L ,BIELA MR,MCKEOWN KT,PEDEN J,JACKSON I,ORANGET,WOOD DT,ROYAL AIR FORCE,BAILIE TN,LONGSTAFF G,WINSTANLEY K,BOULTON SJ,MOULT C,DOWNIE JRA,SULLIVAN PH,FENLEY DT 
CUNNINGHAM TG,NICHOLSON GD,LIVINGSTONE RA,HOLLAND KG AFC,JONES PC,HAIGH DJ,ROSS D,WHITE AJ,EDWARDS JD,BROWN K,CONNELL PA,SIBLEY JW ,MARSH SM,BURLEIGH WT,MacLACHLAN ND,SHAW SJ,GLOVER RJ,MASSEY SR,BURNS CH,SATCHELL ST,WALL LD,COULSON R ,ROCKE JD
TURNER D,NUTBEEM R,MCKNIGHT JR,GOUGH AWC BEM ,COBB LE,LEEMING JR,SWIERZY AM,FROST DW,LIMBU P RAI P,ARMY,SUTTIE JK ,MCKERAGHAN J,DAVIES RE,EVANS KJ,McMILLAN EB,BROWN JB,HALLIGAN SD,LANGRIDGE S,CAMPBELL AD,THOMPSON IJ,ROYAL AIR FORCE,HOWELLS MRG,DICKSON LK
ARMSTRONG RE,PARSONS CC,MESURE GJ,HANTON MR,GREAVES AM,STAIN JW,CLARK N,PAYNE DW,GURUNG D,FOSTER WV,IVES BE,DORNAN TM,CRAIG CA,TRUAN SR,ROGERS MR,BERRY V,MacAULAY DC-,ADAMS MD,FORBES KS,MOORE P,DENT NT,WRAY S,FRANKUM JJ 
ARTHY JL,PHILLIPS EJ,POWELL KJ,RILEY AS GAY PC,TURNER JS,GRIFFITH VO,CORBY SW ,WHITAKER AT,JOSEPH TR,LECKEY TW ,REED GG,BURNETT PR ,BROOKE PM,SKONE AG,SMITH AWM,McELHONE SC,MARSHALL ME,BIRCH J,LANE JA,SUTCLIFFE PD,DUFFY KJ,SHACKLETON DJ,HARKNESS WGS
ATKINSON M,POOLE GW,SMITH LK,HUTCHINGS RK,MAYER J,CITRINE R,JACKSON AU,BURKIN D,BARR WE,WIGG JWR,FISHER MT,TOMAN MJ,REILLY WM,GRANT L,DAVIES ME,PEACOCK ND,WILSON SP,SMART SS,MILLER GAR,HAGGERTY T,COLLIER RM,SMITH JS,GARDNER RW
BEGLEY WJ,PRESTON K,TIPPER SA,RUST RD,DUNNE CW,ARMSTRONG PT,NICHOLLS SK,ADAMS DM,COWAN KR,SALMON ME,BYRNE G,WELSH K,BLYTHE NI,PEDLOW BHT,ALEXANDER D,SHAW KJ,McMILLAN S,BRADLEY J ,RICKETTS KP,GOODES AL,ELSDON TNC,DOWELL A,MARTIN DH
BUNKER PA,ROLLINS MW,YOUNG JV,DUNSTAN JMG,McKEE PW,FOX PJ,INKPEN RJ,KAPUSCINSKİ SPA,BOYD RF,STRAIN DW,BLANEY MAJ,MANNA PA,MacKENZIE PJ,GIBSON E,MORGAN SA,KENNISON MDH,ARNOLD MAJ,STEWART GA,RONCORONI SJ,LOVE RJ,LENNOX GKS,MASON DA ,GEE SM
BURNS RA,ROWBERRY NA,BRIGHT RJ,O NEILL MG,JEFFERY GT,MESSENGER MJ,JOHNSTON NJ,HOOK ML,SHAMS D ,EARLY JE,HURST D,O'CONNOR IJ,REID IR,MORGAN L,CLARKE PD,PAGE W,CONROY M-FRENCH DJ,COLLISHAW NW,SCUTT RA,WELLINGTON I,HICKS SM,LEE MB,WHITLEY MM
CURRASS PP QGM,STREATFIELD AR,HERITAGE J,ROYAL FLEET AUXILIARY,QUEEN DE,ROE B,MAY T,CROWELL JA,BURROWS KAJ,WATSON MP,TEE PA,SMITH NP,CRAMMOND DA,DUTTON MJ,POYSDEN KJ,DUNCAN NJ,HORSFALL VM,FAULKNER PJ,WRIGHTON CF,CURRANS M ,WEEKS KP ,TURNER P   ,NEWELL R
DAVIDSON SAI,SWEET PA,WAINWRIGHT LD,CHAN CHỊ SHING,BIDDLE RR ,SWASH D,AGAR TH,1985,STINSON AR,JACK CJ,O'HARE C,OLDMAN TJ,TAYLOR NA,SHOTTER MA,BAXTER JD,KANDANGWA B,KENNY P,CHAPMAN C,CHATTERTON WG,BUNNEY A ,ADAM DLE,BARTLETT PI ,BALLANTYNE SR
GALLAGHER L BEM,TARBARD WD,HISCOCK R,HAILWOOD CE,GRAINGER DA,WINSHIP S,HILLEN TE ,ROYAL NAVY,AINSLEY PA ,LYDEN D.,REED PE,HENRY H,HANDLEY-GREAVES PL,MAULE AA,REID JM,AMOS MD,LANSTON SN,ROBERTS PJ,LOCKE CM,CLARKE RE,McKENDRICK R,WASON A,HALLA
HATTON WC OGM,THOMAS GK,MAY MC,HENRY PA GM,NATHANS G,LANE RE,HUGGINS RV,GEORGE AJ,COX AJD,FARRAGHER KJ,ARDMARNOCH DND,COOKMAN AJP,MCBURNEY R,BEARE RP,SHINNER IL,CLEGG M,SHAVE ST,WORRALL GJ,BROUGH KP,THOMAS AJ,WILKINSON S,PATTERSON MWA ,GROSS PFJ
HUGHES WJ,THOMAS NDM,McILVEEN W,HOOLER,ELLIOTT TA,LEWIS JMB,WARD A,NORMAN PD,HANNA G ,STRINGER M,NICOL OF ,ANDERSON JA,NORSWORTHY SJ,HAYES D,BREWER PA,CUMMINS SJ,TACKLEY MJ,HOWARD SM,BOWLES JF,LINNEY MTJ,ODELL JH,ABBOTT MJ ,MANNING GR
JONES P,THOMAS RG,TUCKER AD,LEUNG CHAU,KELLY K,BEYNON AG,RANDALL SP,EVANS B,BEATTY S,MacDONALD PS,GREENAWAY EJ,GRAHAM WT,KELLY RE,MURPHY MJ BEM,McMENEMY JS,HARDY TJ,WEBSTER AG,DAVIES WR,GRAHAM GC,NAPIER CA,MARDON JS MBE,FEATHERSTONE RJ,HAYWOOD SC 
LIGHTFOOT PN,WALKER A,AUSTIN BA,MORRIS AJ,GREER L,EDWARD WH,DUNNE DP,RODWELL SJ,McCURRACH WJ,BLUFF KP,BARR AJ,MCCLELLAND TI,ROYAL AIR FORCE,DARCY M,O'SHEA JP,SHEPPARD DO,McGLINCHEY I,DILLON-LEE MJ,ANDERSON N,MARTAKIES NJ,HALDEN IM,ELLIOT RJR ,WREN CCJ
Mc CORMACK DE,WARD CF,CLARK-PATTERSON JR,NG POR,SMYTH SA,FORD P,PATTERSON AJ,HAYES DIA ,DUTTON PJ,FERGUSON NM,GREEN GP,CHAPMAN CP,CHITTY DJ,CLAVEY MR,WRIGHT SM,SPIKINS R,RODGERS S,MCFARLAND NA,GREEN WI,STIFF R,WEIGHTMAN CJ,STOKES NJ ,IRVINE M
McHUGH MV,WEAVER JF,WAITE AS,SUNG YUK FAL,WILSON PE,DAKIN AS,ANDERSON S,SUMMERS PC,BASSEY ME ,MOORE DW,CHARLES-WILLIAMS MD,JONES MA,JOHNS AJ,GREEN DW,ADAMS P,ELLIOT G,RIGG W,JOHNSON WJ,HASSELL CA,BELL RHK,ROYAL FLEET AUXILIARY,FRYER G ,JOHN AC
NEWTON J,WIGLEY M.,WATSON WS,YEUNG SHUI KAM,BURNS J,THOMPSON ML,BROWN JM,SIMPSON RC ,PUN N,MULLEY DA,MARSHALLAR,GARLAND LS,MARSHALL JC,LAMBIE GP,BATES GR,McLEISH ML,BROWNHILL DJ,HARDY JH,JOHNSTONE GJ,BROWN S ,FOY MJ,IRVINE RJ,RANDALLJ
O'CONNOR P,WILLIAMS DR,BRUCE A,YU SIK CHEE,DESMOND RA,STEPHENS MD,HIND AP,SMITH IDB,ROYAL AIR FORCE,HUGHES BS ,CHANNING GA,JOHNSTON PH,MINSHULL KM,METCALFE I,GAMBLE SS,HUDSON PJ,MORETON PT,HACK JM,MARSDEN JM,ELKINS-GREEN TH,HARRIS PJ,MARTIN BD,LYNESS J 
SYKES SJG,WILLIAMS L,JESSOP MK,FRASER W,KERR WT,BELL JK,GALLAGHER H,MARCHINI P,RADFORD ELR,IRWIN TJ,ROBERTS B,BORYER RD,MOFFAT AD,PATERSON WJ,JONES G,GREEN GA,HEWITT G,CASHMORE M,COLLISTER K,ANDERSON EM,1992,JONES DB,DOUGLAS AE
WALPOLE ET,HAMILTON GJ MC,WALLER KM,MERCHANT NAVY,LANGTON M,GOSTICK JR,CHAMBERS D,RIDLEY ML,NAPPER JP,NICHOLL B,SKELLON BC ,ANDERSON IRK,NEWMAN SJ,WINKLER MJ,STACEY PW,KAI B,HOUSTON J,PARR WA,1991,SMYTH R,ROYAL NAVY,DAVEY RA,HOLLAND WR
PRESCOTTJ CGM,MARTIN TG,ACHESON W,FOULKES F,FREEBURN H ,SEWELLJR,AGNEW DM,ARMY,WARD GB,POLLOCK WC,CUNNINGHAM JA,MORGAN DG,WHITWELL PJ,GASS DA,STANDRING M,SUNWAR C,PATERSON MJ,YEOMAN JM,ROYAL NAVY,O'NEILL TG,EVANS REJ,SMITH IM,LOWE SM
ANDERSON T,BULL G,BUSH LA,DOBSON JB ,McKENZIE LJ ,DIXON IC ,BREW RJ,JONES CJ,CHUBB CJET,WILSON DS,SEPPINGS AW,THOMAS AR,STEDMAN A,BEETHAM SJ,COOK AD,ALLEN J,DAY J-LENNON DC,RIMMER AH,HALL D,GIMSON PAD,ARMY,KNOX CW,PULLIN KJ 
GANDHI PK,BURT JS,EAGLESON J,HAWKINS DRS,STINSON AF,CLEW BS,STANDING DAM,ABBOTS RL,BUZZA WG,HAM SM,REVITT R:,WHITE GD,MICHAEL DJ,RICHMOND DS,OLIVER CD,WALSH SP,WALKER DJ,STERRITT D,McMASTER JM,BLAKELY PR,HANNIGAN AR,WARNOCK IR,O'HARA SN
BARRY JA,CROW JD,MCNAUL RLW,HUGHES J,KENYON CS,1984,FORRESTER KW ,HOSKER TS,CRAWFORD GS,WILLIAMS JB,WARE JC,MARLOW S,COOKE JJ,GURUNG G,WATTS JNS,MacRURY N,WOOD P,IRONSIDE C,LAYCOCK PG,CROZIER RW,RICHARDS CAK ,JONES B,DEWHURST P
BINGLEY GD MM,DODSWORTH MS,CROTHERS C,NORTH IH DSC,RICHARDSON JW,ROYAL NAVY,PITMAN LJ,THOMSON JM,HADDEN BS,GURUNG T,BARNETT JG,LEACH JA,FAHY AF,HOWARD JR,NELSON SP,SPENCE TA,NORTH JP,BROWN P,PARTRIDGE TF,HAMILTON S,McKAY CR,BARR J,DOOGUE CV
CORK A DENT C,GREENWOOD AD,SMITH D,VICKERS EN,CAMPBELL TD,MILLS JI,JONES SJ,GRAHAM JA BEM,GOODGE SJ ,McCONVILLE H,BUMSTEAD DJ,COWE KJ,MANNHEIM AS,SNEDDON J,HOTSON JD,GRIFFITHS J,ROYAL AIR FORCE,JONES P,ARMY,FORBES JA,MOLYNEUX NS,WILKINS CN,HUGHES NR
DIXON SJ,GROSE N,WILLIAMSON F,1983,NEVILLE AS,MEGSON H,SUNWAR G,NEW DAFJ,JENKINS PFF,FRENCH AF MBE,KITELEY GT,McILWAINE JJ,HILLID,THEBE A,LACKMAN CCM,McGONIGLE SR,NELSON JD,STEWART CM,DEVLIN PJ,LAWRENCE BM,DUNSEATH JR ,McANALLY T,BORTHWICK JK
FLETCHER MW,HEDICKER PJ,CLARKE AJ,ROYAL NAVY,CURTIS GM,MOORE AP,KERRIGAN HCJ,PEACOCK G,HARRISON G ,LLEWELLYN WS,ROYAL AIR FORCE,MAVROMATIS N,MURDOCH EH,HELLER KD,THOMPSON WJ,SMITH P,GRIEVE AG,HAMILTON C,WOODS IW,HARRISON AC,MAY C,MCCONNELL NJ,HARKNESS NS
HARDMAN D,HIGGS PD,SMITH MJ,HODGSON P,WOOSEY RS,NORMAN MJ,McKINLEY NJ,LEPPARD MH,PARKER PO,WEST F,SALISBURY RH,WILLISON JD,OGG JL,MATTHEWS MB,GILSENAN TWC,JOHNSTON TB,SMITH MPS,THORNHILLSJ,WHITEHEAD EA,MURPHY S,HOVER PM,MULROES,BURNS JA
HOLMAN-SMITH M,JENKINS TR,GEORGE DJ,KELHAM MR,WALLER GA ,LELITTKA CP,BAKER KPA,MCELHINNEY JD,MANNAS AC ,BROWN DB QGM,CROMPTON AP ,WOOLF DJ,SORBY GL,ROBBINS MFJ,1989,PALMER S,FITZGERALD HJ,JOHNSTONE CL,TITE DC,DOWD MF ,LAING S,LUKER BVM,TOMLINSON BT
ILLINGSWORTH S DCM,JONES CA,DEAN CR,JACQUES S ,POWLS G,FRANKLAND KP,CARTER DM,CAMPBELL G,PERRY B,BROWN JIM,BAGSHAW I,SMITH A,SUNDERLAND DR,BUTLER RW,ROYAL NAVY,1COCKWILLAJ,McCLOSKEY JG,WHITE AA,SMITH GE,BALL AJ,RICHES D,WALLER SA,PATTON JT
JONES H VC OBE,LAING SI,MASON IM,WALKER KD,ALEXANDER RR,McINTOSH CJ,KUZAN W,TOPPING DP,PETTIT J,DARBY JM,BROWNING DV,CUSH N ,PADGETT AP,MeNICOL RA,BARRACLOUGH JD,BESIEN FD,LLOYD PV,RAI S,LANE SJ MM,GROVES AJ,GRIFFIN SCJ,ROYAL AIR FORCE,ARMSTRONG RD
MECHAN T,LOVETT CK,GREGORY RT,,NEELY O,ASHFIELD SJ,LAKATOS JP,HARKNESS TW ,SAUNDERS AW,DRUMMOND J,HOPSON WJ,GRANT KN,1988,BANNISTER AS,ELLIS JT,LESTER TD,BOWEN MA,HARRISON MI,LEECH K,GIBBINS SR ,,EDENJHR,CROOK G
MELIA M,McCARTHY KJ,COCHRANE TG,,HARRON T ,WIGLEY AN ,BROWN G,BALKWILL RS,SMITH IT,WESTON MK,NICHOLSON IJ,TRACEY JG,ROYAL NAVY,SMITH S,WILSON WJ,KITSON T,TOMPKINS SM,TRELAND AK,PHILLIPS VD,PITTS D,,BISHOP AP,GARRETT PA
PRIOR SR,MCKAY IJ VC,O'CALLAGHAN DJ,,ROXBOROUGH J,SMITH T,LINNETT AP,,SMITH PE,ARNOTT RP.,POTTER AJ,MORRIS DS,CAWTHORNE RAH,HEAKIN RM,BANKS-POPPLE SK,OWEN CFG,STONE PD,TRIMBLE EC,,BOYD WJE,,SAVEGAR RI,HEFFY T
SMITH NR,MCLAUGHLIN SPF,DUDLEY A,,MITCHELL CJ,ROBINSON I,McATEER DW ,,THOMAS AJ,WINDON SJ,TURNER K,BUTTERS T,DAVIES APG,BISHOP BEM,FESSEY CH,SMITH S,HAINE NA,McCULLOUGH CJ,,WHEELER LD,,HENDERSON JD,ERSKINE JG
SULLIVAN PS,MURDOCH JH,WATTERSON T,,KINNAIR SJ,,SINCLAIR AJ ,,TICKLE J,FLEET AJ,VAUGHAN MV,GREEN JA,HOLTON KJ,BULLOCK PL,JAMES PF,GILLESPIE BR,HARTJMP,DAY RJW,,DRYDEN WT ,,LAMBOURNE CR,WRIGHT DJ
WOOD DA,SCOTT DE,WHITTALLA OBE,,TAGGART DJ MBE,,GRIFFIN AD,,TOMSETT CR,ALLEN AR,TOWLJP,COOKE BC,SHIELDS AR,BURFITTJ,POTTER MS,BURGESS SJ,MOIR SW,,,FINLAY RMA,,WARNECKE ME,
BAKER JI,SCRIVENS IP,MCBRIDE N,,HOWE JA,,,,WOODS PF,MONTGOMERY AD,WEATHERLEY BD,SMITH T,EDWARDS GC,GREENER R,,HUTCHINGS KP,LEARMONTH ID,,,WARE SRD,,STRACHAN M ,
COCKTON SJ,WEST PA,SPENCE CH,,FINLAY RD ,,KILPATRICK RH,,WILSON C ,,SNODDY TN,WALTERS MC,SKINNER AC,LEWIS AS,,FLEMING PD,,,,JOHNSON PE,,KEARNEY SM,
FORGE ML,WILSON S,RAI K,,TRUCKLE JRE,,BENTALL SJ,,BOYD MJK,,PARKYN MS ,,MARKILLIE PI,NORSWORTHY MA,,BARKER DK,,,,WINDSORJS,,MARTIN PW,
GRIFFIN CA,MATEE WA,CORKEY S,,SHARPLES CE ,,BENNETT RD,,COGRAM AB,,BARWELL PD AFC,,MARSH AJ,WILKINSON SJ,,CARSON DB,,,,MCCONNELL AC,,BURGE RJ,
,ABSOLON RJdeM MM,IRWIN R,,WISHART KD,,GOODBURN DW,,,,COOK M,,,WINTER JS,,ROBINSON KT,,,,WEIR SA,,,
,HOPE S,DENTON MJ,,,,GREEN PR,,,,JOHNSTONE F,,,,,,,,,CHAPPELL DM,,,
,THOMAS CC,GIBSON J,,,,,,,,,,,,,,,,,CARTER BA,,,