207,208,209,210,211,212,213,214,215,216,217,218,219,220,221,222,223
CURRY WD,TAYLOR SR,YOST SJ,ARMY,PARSONS A,ANDREWS SC,ROYAL AIR FORCE,ARMY,SHARMAN KA,TWEEDIE AD,WILSON RE,HEWETT PDR,FARRELLY PT,2007,ATHERTON D,WHATLEY BML,ARMY
EDWARDS MA,WILLSON JS,HARPER LR,LEWIS DJ,TREVILLYAN MC,BECKLEY-LINES WN,HURST GJ,COLQUHOUN PV,MCMASTER SJ ,Mc CUE J,HALLS JD,SHEARER R,MILDINHALL TA,ROYAL NAVY,HAWKINS A ,ELMS LM,REED CJ
BLINCO DM,SMITH PA,McCANN WS ,KAY PR,MeDONNELL TJ,GILL T,NICOLLE RJLeC,GREEN A,BUTTERTON KA,KELLY AJ,BURNS J,SPICER LD,LAURENT NL,CURRY TG,KEEN BR,ARMY,SAWYER THJ
ROYAL AIR FORCE,BOTTOMLEY PK,COST J,KELLY JR,BRIGHT AR,MASON CR,TOMS DP,MULLIGAN J,TANDY LJ,REES TE,GENTLE GC,SPEAKMAN Z,BUNTING TE,FORD MC,EDWARDS SJ,GARDINER DM,ROBINSON R
ROBERTSON PR,PEAT D ,HOLE DS,OVINGTON A,SYMONDS MJ,BLAIR G LILLEY C,CASABAYO SP,MacKENZIE JI ,BUSUTTIL RC,ASTON RC,RAI D,ATKINSON C,PHILIPPSON JA,SUMMERS SG,BARBER CD,LAWRENCE DS,NIELD D
JOHNSON TR,LECKY SW,McGREGOR S ,MADDEN RW ,WILSON SB,FORD R,WRIGHT RA,CLEMENTS-HUNT RT,BUXTON DM,HAMILTON-JEWELL SA,RAYMENT CG,LAGA KJ,SHILLIDAY SD,HOLLAND JM ,CASEY CJ,BROWN NJ,WRATHALL RCJ
KING AK,TREHERNE M ,HUNT SJ ,MASSEY RA,KELLY PE,QUANTRILL PE,ANDREWS MI,CROUS AM,PEARS JM,HYDE BJM,O'CALLAGHAN IM,SMITH C,HASHMIJ,,RAWSON TA,MUGRIDGE SJ,KINGSCOTT SM
GILMORE TJW,WITHERS TT,LIMBU I ,FOX SL,ELSON PA,STEWART SA,TODD SG,SLATER AE,WILSON D,KEYS TR,FERNS MA,McCORMICK AD,PATTON WD ,MCCANN PD,REDPATH KJ ,PEARSON RP,GADEN TJ
 HILLIARD CT ,MACHADO LP ,IRELAND GC ,SCOGINGS RN,MELLING P,TREWIN P,2000,WELLS SG,PASSMORE LM,LONG PG,THOMAS PDT,MANNING SR,THORPE PW,REDDY B ,TAIT S,BLAKE AM,GUNNJD
SOUTHARD GRJ,GAME CP ,SMITH WG,McLEISH CS,RAMSEY MA ,KINSLEY DJ,ROYAL NAVY,RICHARDSON OF ,HARVEY AP,MILLER S,PETCHEY CRF,MEADE D,PARRY J,HUNTROD A ,HICKS DC MC,BABAKOBAU RS,UPTON P
OWEN JH ,NICHOLAS BJ,PHILLIPS GJ,HISCOCK CA,DOUGLAS B ,JARVIS PCH ,SOMERVILLE S,WHYMAN GJ,LAWTON JM,LINTON J,CRAIN VAJ,BACON MJ,JACKSON DR,JONES MP,FOSTER RG,THOMPSON JC,AZIMKAR CP
McNALLY SP,DOWDELL MD,MORLEY D ,GOOCH RC,WOODS WA,ADDIS CJ,RICHARDS AW ,WILKINSON PT,READ IR,SPENCE TR,DIMMOCK KJ,BUCKLOW IK,COSBY JJ,FITZSIMMONS IM,McCLURE A,HUSSELL VP,QUINSEY MW
 MUIR SD ,GIBSON SJ ,HARRINGTON S ,JOEL MA,HUGHES MW,ROYAL AIR FORCE,HUNT AD,PATERSON MD,HUGHES MT,SMITH JG,GOMERSALL BJ,WILSON TD,CORNISH M,ARMY,THRUMBLE JS,REYNOLDS MM,HARKETT CD
YOUNG GP AFC,HINTON B ,DAMMARPAL H,ROBINSON JW,BAKER C,DUNLOP GN,ARMY,SYRED PR,ADAMS DA,JONES DM,KELLY DR,MASTERS KC,EIDA AJ,MURPHYJR,COLLINS EW,CUTHBERTSON NJ,JOHN DT
SWEATMAN R,WALDRON PJ ,JOHNSTON B,MARTINDALE AT,CLAIRE A ,LACEY DS,ROBERT SJP,COCHRANE PR,ROYAL AIR FORCE,PRITCHARD D,KEMP OD,HICKEY CI,JOHNSON RM,REES WD,FORD BR,GAMBLE DC,STIFF G
KASCH JP ,ARMSTRONG PR ,LITTLE DW ,BAIRD DJ,FISHER CA,VIVIAN WM,JONES LA,GREEN FG,WILLIS JL,TITCHENER MF,LOOSE DA,ROGERS MJ,NICHOLLS RAC,TENCH MA,WRIGHT DA,MURRAY CD,FASFOUS TJ
MacRAE RV,TURNER CM,PEART P ,ANDERSON RG,SCOTT AJ,LEE C,GENT SD,JOHNSTON WB,SHELTON-SMITH CA,WALL C,JONES SM,SHERWOOD SG,CUTTS AB,GREEN AW ,BOTHA J,BATEMAN JE,BINNIE SC
1994,KING CD,GUIGNARD NE ,NICHOLS DJG,BLACKLEDGE RS,PULLEN PC,TRANTER KL,COLLINS I,THWAITES DA,BEESTON RIJ,LAWRENCE DP,WRIGHT DM,REEVES L,BRACHO-COOKE JC,BRELSFORD CA MC,DOHERTY JS,PUN K
ROYAL NAVY,ORR AJ ,SEAGER KT ,McCORMICK AF,CARTER GJ,TUCKER KM ,BIRCHER EJ ,HUNSTON SK,2003,EDDY DT,TAYLOR MP,JONES JP,TANSEY SR,COFFEY DUY,MITCHELL K,BRYANT SL,ROSS BDJ
COATES TP,POWELL MF ,DAVIES MA ,ELLICOTT AH,ROYAL AIR FORCE,BEECHEY DA,BRADSHAW WH,SOUTHWORTH JP,ROYAL NAVY,McLACHLAN RS,BOND CL,HOLLOWAY SE,BUDD BJ VC,SIMPSON LD ,VIOLINO I,LARKIN RJ,SHELDON A
HOWARD RS,BECK AJ ,HODGKINSON RP,JONES AM,HERD CJ,CONNEL BKA,CRONIN DJ,BANBURY P,CECILJ,NIGHTINGALE JB,ELLICOTT DP,WHINHAM D,HETHERINGTON JP,CLARK RA,NEWMAN PW,REEVE SR,EVISON ML
BLAIN NM ,BERRISFORD L ,MacDONALD ID ,CARNE WJ,BROWN AP,CRERAR DE,MaKELVEY RN,QIONIMACAWA IT,GUY PS,CRAWFORD CM,MCHALE KT,DUGGAN RV,DRAIVA A,WYSOCZAN JD,TUNNICLIFFE BJ,STOUT P,SUESUE P
HOLLAND BJ,NAYLOR RJ ,OSBORNE MC ,McGOOKIN SA,MURPHY MJ,HAWARD DA OBE,BURNS-IZATT TJ,LANG V,HEDENSKOG SB,THOMAS RL,ROSE DM,ROYALAIR FORCE,DICKETTS OS,MELAUGHLIN LP ,RAE CD,WHITTAKER JJ,ROSSI JP
ARMY,LAGAN JA ,WILLINGALE R ,MERCHANT ID,ARNOLD AME,1999, FRANCE CJ,DONKIN R,SEYMOUR IM,PARKINSON JR,GRAY SRT,BROWN RA,O'DONNELL C,SMITH M,STANSFIELD MA,WILLIAMS MN,HILL KR
TAYLOR PAH,BUTTENSHAW KA ,WITHERSTONE GS ,JEANS SIT,FOX LA,ROYAL NAVY,GAULDER JJ,GRATTAN RT ,STRATFORD MR,GILLISON J MBE,LOWE PA,GIBSON M,VANUA S,THOMPSON B,ROBERTS AM,WILSON CC,BOLGER SR
WORMALD SP,NORRIS RL ,PATERSON KJ,RANKIN SW,1998,ACTON JS,NAIVALURUA JAC,COLLUM KA ,WARD JG,LIMBU B,MCARDLE SW,MARSHALL PB,WRIGHT SR,JENNINGS K ,HOLMES SJ,SHIRLEY D,MOFFETT ND
HATFIELD DA ,HICKS DR ,JACKSON R,BRADWELL JG,ROYAL NAVY,ARMY,THOMPSON AD,HILL SRG,GREEN PD,BENNETT SK,TUKUTUKUWAQA P,NICHOLSON G,McCULLOCH LEP,WILSON DJ,ALDERTON JM,JOHNSON JB,THATCHER C
ROBERTSON GA ,BAINGER JC ,THEOBALD KP ,CATER JPA,TRAVERS SE,ROBINSON FJ,FORD LP,HINE W,KING AR,NICOLL AMV,BROOKES SP,O CONNOR RM,MUIRHEAD PB,DLUGOSZ E,BATTERSBY JJ,BARNES JS,McLAREN RM
WATT DH ,BELL WA,PARKIN PF ,SHEPPARD GK,TAMPEN GM,BLANEY DM,PIKE AR 1,MILLIGAN TTJ,LAWRENCE MA,ROYAL AIR FORCE,ANSELL MJ,PARDOEL PM,WRIGHT MW GC,LINCOLN A ,McDERMID J ,ROWE KM,MERVIS PD
WARBURTON BD ,CUMMINGS R ,BAJIC N,THIRLWELL SM ,BEALE TD,ROUT JG,BOWDEN A,WHITE MC,WEST PJ,DICK GJ,NEILL DJ,SMITH AP,THORNTON LD,DYER JY,SADLER JC,MATHEWS JW,BIRCHALL SE
LANE BJ ,ROYAL AIR FORCE,McCREA WM ,IRWIN MD,BURTON NP,CUTTING J,STRONGE NT ,GURUNG D ,WILLIAMS JR,MAIN KB,CARR TA,STEAD DK AFC,MURRAY MJ,O'NEILL KA,JOHNSON L,COWTON PJ,HAMMOND JPW
KERR CJ ,ROLLAND IM BEM,RICHES G,MENZIES I ,ARMY,DEAL BD,EVANS MK,ROGERS JC,WILSON AS,WILLIAMS DR,CONNOLLY PJ,WILLIAMS DE,MINNS M,SMITH AJ,FERGUSON SSJ,BLAND WNE,THORNELOE RSM MBE
VOYSE BE ,TAPPER JP,RODGERS TR,PARTINGTON SJ,CRAW SEM,CAMPBELL SH,SAUNDERS SWJ,WINK C,BALLARD SA,MOORE AC,ROYAL AIR FORCE,GILL BSJ,BRADY DH,GRAY C,ROYAL AIR FORCE,DEMPSEY B,DENNIS DL
SHAPLAND HCM ,COOK RD ,SLAINE GA ,WORSLEY ROA,BROWN W ,CASE M,DOUGLAS LJ,ROYAL AIR FORCE,MADDISON CR,PRITCHARD DG,MILNE R,LITTLE MK,TANSWELL TP,LEANING B, CAULWELL MJ,CUPPLES JJ,LAWS RG
SWANN JC ,FORBES GW ,HARVEY RL,PAWLEY KM,MARSHALL S,HUMPHREYS G,MALLON DG,BONNESS MJ,FOSTER PD,MARSHALL SS,GOVER KMA,2006,BITTEN KA,POWELL MI ,MCLAREN MJ,O DONNELL GJ GM & Bar,ELSON DFS
RENNIE FM ,HARDIE KA ,MELVILLE TJ,ROYAL AIR FORCE,BELL RT,SMITH CW,CLYDESDALE PG,BALL JK,MURTON WM,SHEPHERD DJ ,COULTON LWJ,ROYAL NAVY,HANCOCK JL,TURTON KJ,DUNSMORE C,RAWSTRON JL,BABINGTON-BROWNE BE
MAIR SD ,ORME N,KILPATRICK PTG ,NOBLE GM,CLARKE SRD,CLYNE PJ,GOOD RJ,FRYER SD,McCARTHY MJJ,STRICKLETON CN,MORRIS PG,CHAPMAN DA,ELLIOTT S,JONES AJ,MCFERRAN P,MASON N,WHITESIDE C
SMYTH MA ,WALKER SJM,MAXWELL M ,BURGESS SJ,KING RVA,LYON RD ,HALLS M,MAGUIRE MJ,PLANK I,2004,HODDER P,COLLINS PM,HOPKINS LP,DONNACHIEP,BEARD MJT,MUNDAY J,BRACKPOOL JA
SMYTH SWE ,HARRISON PP,SHEPHERD PG ,SCHOFIELD MA,BRAITHWAITE TS,PRENCZEK AJ,MANLEY CM,HAYES JL,ARMY,ROYAL NAVY,TORRANCE W,BARTLETT PJ,HOLLINGSWORTH JS CGC QGM,DAVISON S,BURFOOT PA,RAI Y,HUME D
McGOWAN G,SCOTT P ,ROYAL AIR FORCE,SNOW GJ,JONES LSB,DONNAN SG ,POWELL AM ,BENTLEY ID,CONNOR AR,STANSFIELD CJ,2005,WINDALLJ,WRIGHT IM,BATESON NJ ,SALE DOH,DURA K,ALDRIDGE WH
TOSH RW,MULCAHY FA,BROOKS N,PATTON MC,LEVERTON EJ,ROONEY JP,CRELLIN PG,BOND EA,LEWIS K,WALTERS JC,ROYAL NAVY,CAMPBELL GA,TRAIN JL,THOMPSON KI,BRIDGE C,LINES TA,BACKHOUSE JRK
SALTERS WD ,MOSLEY PJM ,OWENS ME ,THOMAS DP,LIVINGSTONE JA,MCMILLAN RM,BROWN MP,2002,McBRIDE JW,VOGESJR,van der HORST RE OBE,WRIGHT G,JOWERS AS ,PROBYN DM,SOUTAR S,WILSON DK,HORNE JS
KELLY CJ,ROYAL NAVY,BAIRD GC ,1997,CONNOLLY JRG ,RAI B,TINNION B ,ROYAL NAVY,ACTON JRL,COLE DJ,BEVERIDGE SRA,HODGKINSON C,DWYER JE,DAVEY GR ,2008,CHURCHER L,MURPHY JW
WILSON D,BRETT-IVESON C,SLATER NJ ,ROYAL NAVY,FRANCE M,EVANS GJM,TURNBULL RJ,CHRISTIE DW,EVANS LC,DARNELL RJ,BURTON D,HYLTON J,HESKETH G,BROOKES J ,ROYAL NAVY,LEWIS AL,SCOTT LM
ROGERS AG,SALZANO DC ,BARNETT C ,DEELEY DJB,LASHLEY CH,HOLT DD,HENLY CC,RATCLIFFE N,WHITE PD,DUNN RAP,ARMY,NOWAK B,ROYAL AIR FORCE,SANDFORD PA,HIPKIN ME,NASH SW,SIMPSON DC
ALLEN R,JACKSON I ,GILBERT DM,RHODES WJ ,DUNN RJ,SMITH AJ,ROYAL AIR FORCE,LEWIS JL,HEHIR LS ,MITCHELLJM,WESTHEAD WC,WIGLEY J,COXEN J,BONNER DW ,MULVIHILLD,TWEEDY T,TOGE A
McCOLLUM RB ,TWELLS AJ ,MOXHAM GS,BAKER JA,GLASGOW J,POWER K,MORTON KA,SKIDMORE RP,ALLSOPP LDG,OWEN SR,JONES S,WATSON RJ,MULVIHILLS,GILYEAT MD ,MARSH DJ,ROYAL AIR FORCE,TRAIN PJ
WOLFF WG ,LAZENBY MH ,HOOPER GH ,CHARNOCK A,BELL K,GIBSON D,STEPHENSON D,LESLIE PE,CULLINGWORTH S,ARMY,GEMMELL SB,HANBY K,ANDREWS GW,WILSON RL,THORNTON JD,BARWOOD DI,ETCHELLS J
BILES CJ OBE,CHAPMAN GD ,WILLIAMS RL,MARTIN J,STEELE-MORTIMER HLD,MCMANUS PJ,2001,MCAULAY PJ,ROBERTS SM,PATTERSON N,BOLTON AP,ARMY,GILMORE MW ,DOWNES NA,GOSTICK DE,LIVINGSTONE GK,SHEPHERD DM GM
DOCKERTY CJ,GAY TJ ,WORTHINGTON B,RAMSAY ADR,FENTON GL,BRADLEY PJ,ROYAL NAVY,LONDON M MBE,STEPHEN BJ,STENNER JD MC,DOBSON MS,DOUGLAS AS,BEATTIE S BELL GM,BORKERTAS AJ,SMITH PR,THOMPSON G,BEYNON-FISHER JG
GREGORY-SMITH RL,ARMY,POWELLAB,PERRIN KJ,LAWRENCE J,GARDINER TM,RULE SJ,ARMY,ALLBUTT SJ,CRAW AJ,HUDAVERDI D,PRITCHARD GA,DAVIES A,CARTWRIGHT JA,JOHNSTONE C,2009,KING C
HORNBY AR MBE,WISHART RK,PRITCHARD HG,ARMY,BYRNE MM,PORTE RAM,MURRAY DM,WINTER JM,CLARKE DJ,WINDSOR VC,JAMIESON LC,SMITH CJ,KNIGHT BJ,HARDING PHG,HUTTON JRJ,ROYAL NAVY,HOPSON C
PUGH R MBE,THOMAS MK,WARD IS ,RESTORICK S,McCONVILLE RJ,LANGLOIS SM,PATON DW,SEWELLJ,HULL MR,HEATH DT,WAKEFIELD AJ,ELLIS LP,JOHNSON S ,RIGBY JC,POOLE BJB,MACKIN T,LAWRENCE PC
SPARKS GP,FOX JCJ,MCDONALD C ,COOPER JD,HOLMES GM,HALTON AW,,PHILLIPS M,BRIERLEY SA,KITULAGODA JP,PRIDDY WR,HOLMES RJ,LANGTON JJ,WRIGHT TM,DUNSTAN ND,WINTER D,UPTON SR
TOBIAS JW MBE,JACKSON SM,ROYAL NAVY,CORDING MA,IRELAND JJ ,ALLCOCK ACH,,COMANJ,MUIR CD,THOMSON R,KNIGHT DP,CRIDGE MC,MITCHELMORE LA,JOSZKO PD,McKIBBEN RJ,SMITH DJ,LOMBARDI AJ
WILLIAMS GVA MBE QGM,DR PUN R,BROOKES SR,RICHARDSON AJ,WATKINS MK MBE,BIBBY IJ,,BATIULUNA S.,SHEARER K,BAKER C,ARMOUR PJ,CRADDOCK PE,NICHOLAS GR,KENNEDY S,LUCAS A J,LASKI M,ADAMS KJ
SWIFT AL,KIRKWOOD JH ,AUCKLAND MF ,,WOOLER JM,LLOYD RA,,MITCHELL M ,MUZVURU C,IVELL RT,BRACKENBURY A,EATON PS,SQUIRES AJ,KERR JW,SPARKS G,MACKIE JRF,HOPKINS DT
SMITH MA,MATTHEWS BJ ,BUNKER LJ,,HARMSTON SV,VANSTONE WN,,GEORGE DJ,MALONE IK ,McLELLAN WJD,COWIE DW,PAGE AE,QUILLIAM GP ,FARMER CG,EVANS T ,RICHARDS RM,MULLIGAN KJ
BAILEY ML,MILLRAY ,,,MURRAY JJ,,,HARDMAN JM,TURRINGTON KJ,REA SR,DIDSBURY PW,PALMER RJ,SWARBRICK S,DOLAN S,BIRCH MJ,HOULTRAM LA,WILLIAMS JG
HAWKSLEY RD,,,,BALFOUR AG,,,DYSTERRE-CLARK NE,YOUNG BP,STEVENSON A,HALEWOOD D,DOBSON DI,,WILKINSON DML,DAVIES DJ,,HALE MJ
,,,,,,,TOWLER G,,,,LEWAICELJ,,FRANCIS RL,MANUELJH,,HATTON MP
,,,,,,,,,,,MORRIS AP,,VAKABUA EF,FELLOWS SJ ,,WILD DC
,,,,,,,,,,,,,READ CJ,DEERING RC,,HUNT RT
,,,,,,,,,,,,,HICKEY D,,,VALENTINE SA
,,,,,,,,,,,,,WILLIAMS CA,,,ANNIS S
,,,,,,,,,,,,,FLOWERS TD,,,CARTER LM
,,,,,,,,,,,,,,,,FULLARTON J
,,,,,,,,,,,,,,,,MCALEESE PJR
,,,,,,,,,,,,,,,,YOUNG JA