224,225,226,227,228,229,230
2009,RILEY LM,ROYAL AIR FORCE,212,DUNSBYJDC,2017,2021
BUSH SM,SHAW GN,MAHONEY PS,ROYAL NAVY,IHEMERE MC,ROYAL NAVY,ROYAL NAVY
ELLIOTT KRA,McDONALD SG,SOUTHGATE L,TAYLOR L,BRYNIN JL,HOLLOWAY JOR ,HARRISON DJ
MILLAR SAF,MOORE J, GRIFFITHS K,MANLEY CD,FISHER IM,WHITEHEAD SP,ARMY
BRANDON RJ,MARKLAND DB,HUGHES SM,WOODLAND PM,HOLLOWAY RJ,ARMY,HILLIER GM
ELLIOTT G,HICKS DRA,2011,HICKS AC,ROYAL AIR FORCE,HETHERINGTON SA,WATSON-PICKERING J
HARRISON JS,GREENHAIGH DME,ROYAL NAVY,O'CONNOR DG,CAPPS FL ,HATFIELD MK ,WELLS AR
DUNN-BRIDGEMAN JP,MARSHALL M,MOLYNEUX IT GM,ARMY,THAN R,NEILSON DP,ROYAL AIR FORCE
HALL BVJ,DAWSON SPJ ,MEAD ND,LIMBU S,2014,ROYAL AIR FORCE,FISK RS
McGRATH SK,MELLORS GE,ALEXANDER SGW MC,SARTORIUS-JONES IG,ROYAL NAVY,ROYAL FLEET AUXILIARY,TILLER ND 
LOCKETT M MC,DALZELL DAK MC,AUGUSTIN OR,GURUNG G,EDMONDS NM,HOGG GP,FRANKS C
PROSSER JJH,WALKER D,GILL MJ ,GREENFIELD KS,ARMY,2018,2022
HILL JM,JOHNSON C,TATE BA,COUPE NA,MORALEE A,ROYAL NAVY,ROYAL NAVY
JANES J,KINGGETT MJR,WRIGHT JR,HARTLEY JJ,PURI J,McQUEEN BD,CUSSANS DH
OAKLAND JEG,FOX PM,WESTON BJ,FRAMPTON AT ,GURUNG R,CLARK SR,ARMY
MASON T,GREEN RP,FAIRBROTHER D,KERSHAW CA,CLARKE TE,ARMY,GEORGE MAV
SCHMID OSG GC,APOLIS CF ,JENNINGS TN,WADE DJ,FAULKNER SM,SPROUTING D,MORRISON CL
MAJOR JA,ALLOTT JM,ARMY,WILFORD DJ,THOMAS OM,PARTRIDGE GAC,THAPA MAGAR N
BOOTE SJ ,MAUGHAN IW,VATUBUA JS,BOWERS RWM,WALTERS JP ,TONROE MD,KENNINGTON JG
CHANT DJ ,KEOGH TB,BELL MSG GM,FOLEY MC,LAING CW ,MILLER RC,ROYAL AIR FORCE
TELFORD MS,THOMPSON SP,RATU E,STANLEY JI,FOLEY MC,ROYAL AIR FORCE,FARRAR MJ
WEBSTER-SMITH NC,DRIVER MO,DALZELL DG ,RAY CR,RODAN GR,BAYLISS JH,HENDERSON G
SCOTT P,GRIGG JD,BECKETT C,ROLAND MJ,ROYAL AIR FORCE,WAINWRIGHT S,2023
ALLEN PJ,CAMPBELL S,HENDRY LD,MAGUIRE M,CHAUHAN R,2019,ROYAL NAVY
BASSETT SJ,HARDY STM ,LEWIS CJ,ROBERTS AS,2015,ROYAL NAVY,CORKE WB
FENTIMAN AI,WOODGATE JM ,HUTCHINSON DA,SILIBARAVI RMC,ROYAL NAVY,ARMY,ARMY
MARLTON-THOMAS LOC,HOLKHAM DJ,MARSHALL KC,DAVIES LT ,JENKINS GS,McKELVIE JR,TATTERSALL N
LOUGHRAN-DICKSON RD,SWEENEY MR,WOOD RA,HEALEY SJ,DAWES AP,TALBOT MS ,BROCKLEHURST AL
AMER JP,TURNER M,TASKER LR ,THACKER MJ,ARMY,CASEG MBE,THAPA N
BROWN JS,BUXTON BJ,MCKEE SI,STONE GT,PAUL BLJ,ROYAL AIR FORCE,ROYAL AIR FORCE
DRANE AP ,BURGESS JA ,STEBBING MP,ASHWORTH JTD VC,SAWYER JL,STEVENSON SR,2024
KIRKNESS DLA,HOLMES HA ,PRIOR DS,GUY AW MC,EVANS MJ,2020,ROYAL NAVY
HORNBYS,ROY DM,BURGAN MT,LOMAS J,CAMPBELL MF,ROYAL NAVY,LEYSHON R
PRITCHARD MD,CUSACK ZK,COLLINS MJ,THOMAS LP,PARK M,JONES ERA,ARMY
BROWN TD,BRASS GJ,CAMERON AD,RODERICK CA,WOODFORD AJ,FLEMING IJ,ROYAL AIR FORCE
HOWELL A,COCHRAN AD,HEAD LJ,TUISAVURUA ASR,ROYAL AIR FORCE,ARMY,LONG MO
RONEY C ,WEBSTER TI,BEAN GM,CHESTERMAN AR,ROBERTS G,BERRY JA,
WATSON DM,CHANDLER MJ,FORTUNA KC,SMITH MD,SCOTT AJ,GILLON BHJ,
CHEESEMAN T,MONKJM,PIKE MJ  ,SHADRAKE J ,2016,ROYAL AIR FORCE,
ROYAL AIR FORCE,BREEZE AC,LAMB MJ ,WHITTLE K,ROYAL NAVY,,
PRICE HW,ROGOIRUWAI TT,FOUND A,DAVIDSON LP,WRIGHT JR,,
MARSH A ,TAGITAGINIMOCE PW,NEWELL LS,GROOM D,WILLIAMS CJ,,
BLEE PM,SMITH AD,BELLINGHAM GLW,THURSBY GD,ARMY,,
MORTON ND,HALLIDAY DN HORTON MS,McLAREN S,WROE TJ,HOOLE JJ ,,
THOMPSON KAL,ISAAC A,WATKINS PW,TOWNLEY JA,OXLEY AM,,
PEACOCK MD,RAMSDEN DA,PALIN MA ,KUPS JE ,VAKALACA SB,,
WOTAK MP,GILBERT SR,CLACK DJ,DAY CA,CLUFF PD,,
2010,ROBERTS AM,WHITWORTH HM,DRUMMOND-BAXTER EA,McPHERSON CN,,
ROYAL NAVY,KIRKPATRICK J,AUSTIN JBE,KUNWAR S ,SPENCER JW,,
BROOKES AK,SEPHTON T,GARTLAND DM,BARRIE WR,ROYAL AIR FORCE,,
PEARSON AR ,LEVERETT JA ,GRIFFITHS D,COLLINS DD,PARR AJ,,
HARRISON CL ,ROBINSON SJ,McKINLAY JJ,RATHBONE DS,,,
CURLEY SP,,RAI V,ROYAL AIR FORCE,,,
WALKER S ,BOWMAN JJ ,HASELDIN MJS,TOMLIN RK,,,
TAYLOR SG,PURJA PUN A,THORNTON MA,McCARTHY BJ,,,
HOTINE AD,TURKINGTON N,EUSTACE PM,BAILEY SE,,,
BIRDSALL SJ,MONKHOUSE DT,BOYCE DAG ,POOLE HT,,,
HOLLINGTON RH,LINLEY BG GM ,SCANLON RI,SANDERS AM,,,
WARREN P,MONKHOUSE SD MC,LAKE TC,2013,,,
TAYLOR MT,STENTON MJ MC,WILKINSON JR,ROYAL NAVY,,,
DARBYSHIRE SW,SMITH MA,STEEL SLJ ,ARMY,,,
STEPHENS SVS CGC,McCALLUM DA,BOND EC,WALKER RR,,,
HART DC,SANDERSON JO,KING J,SHAW DR,,,
CROOKES JDT,KULUNG R FOSTER DS,KAYIWA P,GUYA NO,,,
HARRISON MT ,BANCROFT JD,ROYAL AIR FORCE,WEBB JJ,,,
BROWN AR,GURUNG I ,SMART JJ,FLINT SA,,,
WOODHOUSEJ,GRIFFITHS AM,EGGING JWJ,HETHERINGTON RM,,,
ADAM JJ,POOL JM,CUNNINGHAM SJ,SAVAGE WT,,,
ARMY,DEADY DL,DOWNING AM,RIGBY LJ ,,,
HAYES RS,HOWARTH AM,,MAHER EJ,,,
READ D,JONES AJ,,ROBERTS CJ,,,
BROWNSON L CGC,THOMAS MD,,,,,
FARMER L,RAYNER PA,,,,,
ALDRIDGE PAS,GURUNG S ,,,,,
COOPER DD,BARNSDALE DS,,,,,
,BLANCHARD WB,,,,,
,McCORMICK AL,,,,,
,DAVIES CJ,,,,,
,ANDREWS TJ HOWARDJWR,,,,,
,DUNN ST ,,,,,
,WOOD CH,,,,,